-- phpMyAdmin SQL Dump
-- version 3.5.8.2
-- http://www.phpmyadmin.net
--
-- Host: 89.46.111.209
-- Generato il: Lug 20, 2020 alle 14:15
-- Versione del server: 5.7.25-28-log
-- Versione PHP: 5.3.8

SET SQL_MODE="NO_AUTO_VALUE_ON_ZERO";
SET time_zone = "+00:00";


/*!40101 SET @OLD_CHARACTER_SET_CLIENT=@@CHARACTER_SET_CLIENT */;
/*!40101 SET @OLD_CHARACTER_SET_RESULTS=@@CHARACTER_SET_RESULTS */;
/*!40101 SET @OLD_COLLATION_CONNECTION=@@COLLATION_CONNECTION */;
/*!40101 SET NAMES utf8 */;

--
-- Database: `Sql1449495_1`
--

-- --------------------------------------------------------

--
-- Struttura della tabella `appuntamento`
--

CREATE TABLE IF NOT EXISTS `appuntamento` (
  `codice` varchar(30) NOT NULL,
  `data_app` date NOT NULL,
  `cf_stud` varchar(18) NOT NULL,
  `id_fascia` int(11) NOT NULL,
  PRIMARY KEY (`codice`),
  KEY `cf_stud` (`cf_stud`),
  KEY `id_fascia` (`id_fascia`)
) ENGINE=InnoDB DEFAULT CHARSET=latin1;

--
-- Dump dei dati per la tabella `appuntamento`
--

INSERT INTO `appuntamento` (`codice`, `data_app`, `cf_stud`, `id_fascia`) VALUES
('00d297f3', '2020-07-08', 'MNFGAI06R42D612D', 1400),
('0194ae98', '2020-07-24', 'PRZBND06P23D612G', 915),
('02f9847b', '2020-07-08', 'CLMLSN06E12D612M', 1500),
('037f13f5', '2020-07-16', 'DGLMTT06C23D612D', 1645),
('0384b999', '2020-07-08', 'ZHNHAO05R10E783U', 900),
('03e5eae2', '2020-07-02', 'LKJNSN06M11D612T', 1745),
('03f81b80', '2020-07-15', 'FLRCLS05M18Z611L', 930),
('03fc58bb', '2020-07-06', 'PRGTMS06R19B036R', 1300),
('0454fc15', '2020-07-01', 'PRNDGI06R20D612E', 1600),
('04b6d335', '2020-07-21', 'BRJMVN05D15D612U', 900),
('0523e7f7', '2020-07-10', 'SNUXGC06S11D612V', 1030),
('068c7f36', '2020-07-03', 'SCTMNL05B24D612I', 1030),
('07f5af7a', '2020-07-23', 'SPNFNC06L01D612F', 1630),
('08f191ff', '2020-07-22', 'ZHNWBN05B20Z210W', 1415),
('0956de46', '2020-07-07', 'BTTGRL06H10A564I', 1015),
('0b125e97', '2020-07-04', 'BSSTMS06D07D612K', 945),
('0c74781f', '2020-07-10', 'MBSHNT05SO5Z236A', 1130),
('0d3fe3a2', '2020-07-08', 'GVLMTT07A10A564U', 1430),
('0ded8c92', '2020-07-03', 'DNEJRA06R27A564E', 1300),
('0e7cc27c', '2020-07-06', 'RIOVNI06D16D612A', 1200),
('0ebd6d8c', '2020-07-09', 'DLPBCT06M52A564F', 1500),
('10287775', '2020-07-06', 'PCNVNI06P16D612X', 930),
('10c64d4b', '2020-07-08', 'JYOHLN06L28Z222T', 1415),
('1175610f', '2020-07-03', 'RRPLSS06B09G999Y', 1200),
('11ce9953', '2020-07-16', 'KMRLSY05M03D612U', 1430),
('12225cce', '2020-07-14', 'BSGTMS06L30A564B', 945),
('12ba8e15', '2020-07-17', 'QSPGRL06D12D612S', 100),
('14d6bc07', '2020-07-04', 'CRDJMY05P24Z611L', 1115),
('155eb2b3', '2020-07-09', 'MZZSML06M24B036N', 1030),
('159fb2fa', '2020-07-03', 'CLNNDR06R31D612L', 930),
('173925f8', '2020-07-03', 'NNCMNL06D28B036G', 945),
('17d45033', '2020-07-06', 'NNCCMTT06L15D612', 945),
('1807687b', '2020-07-03', 'WRNNLM04A64A564H', 915),
('180a27cf', '2020-07-09', 'MRCMNL06E23D612C', 1630),
('18b45aec', '2020-07-02', 'SCPFNC06A16A564S', 945),
('19308f52', '2020-07-04', 'RCRTMS06L24B036L', 1115),
('19bb778d', '2020-07-15', 'SRTLNZO6A21A564H', 100),
('1a18a821', '2020-07-14', 'GRDMTT06A20F839N', 1030),
('1b10e9fa', '2020-07-09', 'BTTFRC06E59G999R', 100),
('1b2f12bd', '2020-07-03', 'MRRTMS06A22D612H', 1115),
('1bfd93d6', '2020-07-22', 'BSCSML06P13D612I', 1400),
('1c590453', '2020-07-13', 'STRCST06T27B036C', 1030),
('1d17b001', '2020-07-07', 'MRTLCA06S51D612J', 945),
('1eaa2f5c', '2020-07-15', 'MRCLNI06A41D612L', 1400),
('1ed3301a', '2020-07-20', 'SHTTST05C06Z315Z', 915),
('1edb128e', '2020-07-11', 'NNCVLI06A46B036O', 945),
('1fd14ae4', '2020-07-15', 'FCCPTR06T29D612E', 1015),
('1ff41ae6', '2020-07-04', 'BNDLNZ06R31B036K', 915),
('2221e616', '2020-07-15', 'MCHFNC06M02F112B', 1500),
('22db88da', '2020-07-16', 'BLDGRL06P19D612V', 1530),
('230c7000', '2020-07-11', 'CHLMRK05C28A564D', 1045),
('252bfefc', '2020-07-17', 'MNNMTT06S16B036V', 900),
('2558094a', '2020-07-20', 'FRSNDR05R02D612S', 100),
('261da1e4', '2020-07-14', 'PCCFRZ06H08A564P', 100),
('264826a3', '2020-07-02', 'MNZSLV06C01B791G', 930),
('26675523', '2020-07-01', 'CMPDRD06S15D612N', 1530),
('2673f232', '2020-07-08', 'CRRLRD06B20D612I', 1145),
('275a3648', '2020-07-20', 'BLLLNZ06B23B036D', 1015),
('27d8ce92', '2020-07-07', 'BCGLMP06H66D612A', 1100),
('284324cd', '2020-07-16', 'ZGHLNZ06B23G713T', 1730),
('28a2307f', '2020-07-08', 'MRRRTS06T28A564G', 1100),
('2c801bf6', '2020-07-24', 'GMBSML06P05D612R', 930),
('2ec21d12', '2020-07-09', 'CCCLSNO6P05D61R', 1415),
('2f38baba', '2020-07-13', 'BRSLLN04L10Z160W', 1030),
('2f4818ee', '2020-07-03', 'WNGMSM07B02D612T', 1230),
('2fa883a9', '2020-07-07', 'BLLBRN05P09G535Y', 1130),
('300e9728', '2020-07-02', 'RLNLRD06M16A564A', 1500),
('30d34d19', '2020-07-06', 'MGNGRL06D18G999E', 900),
('317a73a6', '2020-07-13', 'BLDMNL06B25D612D', 1200),
('321a71d1', '2020-07-08', 'PLAMTT06H05D612R', 100),
('32416131', '2020-07-24', 'CPCGDU06B25D612A', 1200),
('32982024', '2020-07-16', 'MRNLSS05B19D612S', 1615),
('32a03da0', '2020-07-16', 'PLALRD06M31D612L', 1700),
('33e0cd93', '2020-07-08', 'SVADNY06E17D612J', 1730),
('3455858a', '2020-07-07', 'ZHNNLT06M44C770V', 1130),
('34acb7a3', '2020-07-04', 'DGLJCP06E08G999I', 1015),
('34de7571', '2020-07-22', 'CMMLRD06H18D612V', 1100),
('352f6fc1', '2020-07-09', 'HNGZHH05A02Z210I', 1500),
('352fe0dd', '2020-07-02', 'RNRDNL06S28D612X', 1430),
('35b71754', '2020-07-16', 'FRTSML06C20D612A', 1745),
('360b536e', '2020-07-20', 'CNNPRL06C47D612Z', 1300),
('36974f86', '2020-07-22', 'GLLSRA06P65D612F', 1745),
('36e0f4f6', '2020-07-01', 'SCRLSN06D14D423Z', 1100),
('37671937', '2020-07-17', 'BNMBSM07B12D612Q', 915),
('377fb393', '2020-07-15', 'DGNGLI06P20D612K', 900),
('37b1f754', '2020-07-17', 'XHBLRD06M18B036P', 1015),
('37b98ebf', '2020-07-20', 'GROPLA06L29D612Q', 1030),
('37bcbc5c', '2020-07-06', 'RSSVGL06D44F656W', 1030),
('389e6ab4', '2020-07-08', 'BLDDGI06B16D612N', 1745),
('392f3644', '2020-07-16', 'RSSSML06P29G713T', 1530),
('39ce4e56', '2020-07-10', 'CHCSHD06A05D612W', 915),
('3a03efa0', '2020-07-14', 'HXHRND06D08Z100A', 1015),
('3a82e828', '2020-07-11', 'BLLSML06H24A564V', 915),
('3be7944a', '2020-07-04', 'CRBLSI06D54B036X', 915),
('3bed9e46', '2020-07-09', 'RRTCLD06H24D612D', 1715),
('3cc05fb0', '2020-07-02', 'MGZMNL20D612Y', 1545),
('3cc09135', '2020-07-21', 'NCLFNC05C14D612U', 1200),
('3dfe80bc', '2020-07-04', 'BKCKVS05B21B036D', 1230),
('3e6e39c6', '2020-07-21', 'CRJLTN06D25Z100G', 1030),
('3e9360e1', '2020-07-02', 'PSQLPA07A08B036L', 1745),
('3ed71fa4', '2020-07-02', 'BDLHMD06H25D612U', 1230),
('3edb69ca', '2020-07-06', 'BLNCRS07A19D612K', 1100),
('3f049fff', '2020-07-16', 'LGMMYM06S56D612J', 1030),
('3f835099', '2020-07-01', 'GRNFRC06C10A564F', 100),
('40072a34', '2020-07-03', 'LNCMRK06SO3A564C', 1215),
('43b2a757', '2020-07-15', 'RKEVLN06M26D612B', 900),
('440231a0', '2020-07-01', 'BDYRNB06R31D612D', 1115),
('44c2d173', '2020-07-09', 'NRBDVD05C06D612Z', 1200),
('455bb448', '2020-07-16', 'CLRLCA06R49A564E', 1600),
('468c7612', '2020-07-03', 'RGAMMD05H21D612T', 900),
('4813cc94', '2020-07-20', 'CNTGDU06A16A564N', 900),
('48845a93', '2020-07-23', 'PRCGRL06M28D612Q', 1700),
('4c1c5535', '2020-07-03', 'CLLRMO06L26A564V', 900),
('4cc0ba50', '2020-07-11', 'CPNMTT06D06G999P', 900),
('4d9c8cea', '2020-07-03', 'SNUXGC06S11D612V', 1230),
('4ed175b2', '2020-07-06', 'GNNTMS06D39B036E', 1300),
('4f2482af', '2020-07-24', 'JRFJSF06P16A564B', 900),
('50397713', '2020-07-11', 'KSALSU06M28L500F', 1045),
('503b7b9c', '2020-07-16', 'BRSGRL06M16D612P', 100),
('50d8d6c6', '2020-07-13', 'CRPSFO06A70A564K', 930),
('50dcc78f', '2020-07-04', 'PPLDGI06T23B036U', 1100),
('52b69bc9', '2020-07-15', 'CHWSPN04L43Z249N', 1200),
('53b475e1', '2020-07-02', 'LOIPTR06B15A564C', 900),
('54619ea1', '2020-07-11', 'CLAGMM06P48D612G', 1100),
('55a15061', '2020-07-14', 'NDYCKH06C20D612T', 1030),
('5611027e', '2020-07-08', 'PRRHTR06L24D612I', 1745),
('576d0ce8', '2020-07-02', 'MLRMRC06H18A564B', 1600),
('5829b76e', '2020-07-21', 'CSHDVD05A16G999G', 1300),
('5883066c', '2020-07-22', 'MDXSHM05H58G999P', 1530),
('588e96cf', '2020-07-13', 'CHNLJN05L51Z210U', 1230),
('58dde053', '2020-07-02', 'BNDVNT06R31D612S', 1445),
('5c484ae0', '2020-07-23', 'HJRGNA05D24Z160M', 1745),
('5df8b095', '2020-07-16', 'TNRGVR06S56B036X', 1745),
('5e7a4d67', '2020-07-14', 'RNRLSN07A10A564A', 1300),
('5f9b6b95', '2020-07-06', 'CMPSRG06RO7B036A', 930),
('5fc31360', '2020-07-15', 'MRTMRG06A69D612E', 1715),
('604f7514', '2020-07-21', 'ZMPMTT05H24D612L', 1100),
('608ea99c', '2020-07-15', 'MYSJSN07A10D612T', 1415),
('615847c3', '2020-07-06', 'ZHAYNG05R15Z210L', 1230),
('62bb18d1', '2020-07-08', 'GBBSML06L19A564U', 1030),
('6322a65a', '2020-07-15', 'CHRLPA06A13D612W', 1130),
('6433553c', '2020-07-14', 'CHNFRC05R28D403X', 100),
('6555757a', '2020-07-10', 'SCTMNL05B24D612I', 1015),
('65682fd7', '2020-07-16', 'WUXHHN06M28D403N', 1200),
('668f07fe', '2020-07-08', 'MRLFNC06S26D612W', 100),
('67d36179', '2020-07-23', 'FRTTMS06H30D612V', 1400),
('68b3514f', '2020-07-02', 'BTTGRL06H05I158X', 1730),
('6a82f569', '2020-07-06', 'PRIDLY06T30A564T', 900),
('6c48ba97', '2020-07-08', 'BGTLCU06D05D612D', 1030),
('6caff0dc', '2020-07-03', 'HXHRSN06B15B036K', 1100),
('6da5026c', '2020-07-15', 'SPPCHR06M66A783O', 915),
('6db02ea3', '2020-07-10', 'LNCLNZ06P03D612P', 100),
('6f3d4f6f', '2020-07-15', 'MRTLDY05M09Z505F', 1700),
('6f4268d2', '2020-07-20', 'RRDHBI06D64Z330I', 1100),
('702aa92f', '2020-07-20', 'TSMMFR05R01Z249F', 1045),
('716ac8e4', '2020-07-13', 'MSTRVN05E31D612C', 100),
('72010f9a', '2020-07-16', 'RRGHFPP06A12D612', 1645),
('7231c098', '2020-07-02', 'MRGMCS06R17612M', 1645),
('723a9ab8', '2020-07-09', 'GSPMRC06A13D612U', 100),
('72c7baaa', '2020-07-06', 'MMASDN06B13D612E', 1245),
('72d48c22', '2020-07-11', 'GDTLSS05T30D612R', 900),
('7313916c', '2020-07-07', 'GRCMLR06E05D612T', 1115),
('7454c32f', '2020-07-01', 'BUANTN06M03D612N', 945),
('74ca1f19', '2020-07-02', 'LVRNRT06L16Z602P', 1545),
('75c53a3f', '2020-07-14', 'VACDNS06P15D612S', 1200),
('75eff00d', '2020-07-09', 'NNCLNZ06M08A564K', 1745),
('76186b52', '2020-07-01', 'MGLSRI06P60D612Z', 900),
('76232eab', '2020-07-15', 'PTRDRA07D17D403P', 915),
('77955fa7', '2020-07-08', 'CCCMLE06A09G752Q', 1230),
('77c0e2c6', '2020-07-06', 'CMRLRD06R22D612P', 915),
('781c3da2', '2020-07-03', 'CNTCRM06M69D612A', 1015),
('789b68ca', '2020-07-01', 'GJKLSS06M03D612T', 915),
('78ec18f0', '2020-07-24', 'FCCTSE06A24D612U', 1130),
('790caf3a', '2020-07-10', 'SVADNY06E17D612J', 1145),
('793b37b6', '2020-07-10', 'FRZFPP06M05B455M', 900),
('7aad8874', '2020-07-01', 'MSTLNZ05D18G999O', 1100),
('7ba76adb', '2020-07-21', 'NRELNZ06E12D612S', 900),
('7cbaa5ad', '2020-07-11', 'BNCMRK06R06A564C', 930),
('7d6372e8', '2020-07-09', 'CLLLRT06H17A564Y', 1700),
('7d9bbaa3', '2020-07-17', 'PSTSAI05T50D612I', 1100),
('7ed67e1d', '2020-07-08', 'CRTFRC06S21A564W', 1430),
('7f0283ed', '2020-07-11', 'SCRRCC06L15B036N', 100),
('7f647adf', '2020-07-13', 'RDADDM05L28Z129J', 1145),
('821a5409', '2020-07-15', 'VSHSRL05A46Z100E', 1730),
('826ed339', '2020-07-09', 'DGRLSN06A02D612Q', 1400),
('82a73107', '2020-07-10', 'MNLFPP06P03Z154K', 945),
('841dcc05', '2020-07-02', 'BRTRCR05ST02D612', 1430),
('842c6593', '2020-07-09', 'PRGCSM06M08A564D', 1015),
('845f3809', '2020-07-14', 'SBRDRD05H24D612P', 1045),
('84a8802e', '2020-07-02', 'CPPRCR06M10D612J', 1600),
('84ec431d', '2020-07-13', 'MDDMNL05T15D612Z', 915),
('85429f0e', '2020-07-02', 'NNNRRT06T20A564T', 1030),
('85a7aa6d', '2020-07-08', 'VNTVTR06S58D623A', 1500),
('871c44d8', '2020-07-09', 'CCTDDP06P01D612C', 1100),
('87b41247', '2020-07-01', 'DLGJLU06C61G999L', 945),
('8872b573', '2007-07-20', 'LSTCST06T59D612K', 1100),
('8a8a08dd', '2020-07-09', 'LKJNSN06M11D612T', 1745),
('8b0053da', '2020-07-09', 'KHNYRR05R28Z249M', 900),
('8bde3580', '2020-07-22', 'TFANDR05P27Z100H', 1045),
('8bef482d', '2020-07-04', 'BNCDRD06T13G999O', 900),
('8c4ce66d', '2020-07-22', 'MRZMRC05L23A564X', 1200),
('8e2641a1', '2020-07-04', 'CRSLRD06L25D612C', 945),
('8e49fb21', '2020-07-21', 'NSTRRT06H20D612R', 1030),
('8f474d9c', '2020-07-03', 'GROMTT06C31A564B', 100),
('903f874e', '2020-07-20', 'MDFLRZ06T60D612A', 945),
('90d966d0', '2020-07-22', 'CNTLNZ06R04D612G', 945),
('911321b2', '2020-07-21', 'DRNLRA06P67Z602L', 1300),
('91355947', '2020-07-17', 'BRSKVN06C11D612V', 915),
('924542b4', '2020-07-16', 'DBRMHL05P25D612A', 1500),
('92c6bd4d', '2020-07-01', 'DMRSML06H29D612P', 1745),
('9380f537', '2020-07-22', 'CRDMNL06E06D612X', 1030),
('93d4e7f9', '2020-07-07', 'DNILPA07D02A564X', 1030),
('9473f152', '2020-07-02', 'LCURSB06H24A564L', 1300),
('94919d17', '2020-07-23', 'TNGDVD06A10D612O', 1500),
('9494c2d4', '2020-07-02', 'PSTLRD05C02A564X', 1630),
('94ad8d46', '2020-07-04', 'BGNLNZ06D19B019M', 1215),
('94dbbb9d', '2020-07-04', 'PLTCSR06B17D612E', 930),
('9643a7cb', '2020-07-21', 'TMPGVR06T53G999W', 930),
('96af55b9', '2020-07-15', 'CHNSRA06B59I728H', 1545),
('96b8affb', '2020-07-17', 'RBTDGI05A15A564U', 1030),
('97bc9596', '2020-07-15', 'FNCNHL05R24A564V', 1400),
('980c2b30', '2020-07-01', 'PLLDNY06D12D612F', 900),
('98bc35b0', '2020-07-02', 'MSTRVN05E31D612C', 1015),
('99d192df', '2020-07-17', 'CRSNNL04R19Z611Y', 1045),
('9a5d5e8e', '2020-07-16', 'LSCFNC06H04D612H', 100),
('9a820de4', '2020-07-10', 'CNSVTR06C03D612V', 1300),
('9aefb90d', '2020-07-06', 'PNRSMN06R12D612O', 1200),
('9c9c5549', '2020-07-03', 'RSHBBRO5P20D612T', 100),
('9ce9c220', '2020-07-04', 'CCCMLE06A09G752Q', 1130),
('9d043c93', '2020-07-20', 'PRTFNC06C06D612J', 915),
('9dd1b4c7', '2020-07-04', 'RDCLCU06B02D612K', 1045),
('9e22c2ff', '2020-07-11', 'RNCLPA06B28D612O', 930),
('9e52055e', '2020-07-17', 'MSASRN06A59B036A', 1030),
('9e7737f8', '2020-07-15', 'STMCRSO5S28Z611B', 1700),
('9ebbd767', '2020-07-02', 'SPNSMN06C04A564P', 1100),
('9f5e95d9', '2020-07-23', 'NCCNDR0623D612B', 1300),
('9ff4beeb', '2020-07-02', 'ZNAGLI07B17D612B', 100),
('a038fd04', '2020-07-22', 'MNCNCL05B05D612E', 900),
('a0d2f170', '2020-07-03', 'LSHLLI04P15Z138B', 1300),
('a0f494af', '2020-07-15', 'PCCMSM06H22D612X', 1715),
('a1293aea', '2020-07-16', 'HXHRSN06B15B036K', 1615),
('a147af0d', '2020-07-10', 'GSNLNZ06M16G999Z', 945),
('a344ecaa', '2020-07-13', 'TCCDVD05A10B036O', 1300),
('a3713a4c', '2020-07-14', 'RSSVRFO6C04D612N', 1130),
('a38d58fc', '2020-07-09', 'PTRLRD05R23D612V', 1700),
('a3a7e9f4', '2020-07-01', 'MRTMLD06S69D612I', 1015),
('a3ba194e', '2020-07-15', 'PCCTMS07A05D612H', 1030),
('a4a2d453', '2020-07-03', 'LSMHRD06A67D612J', 1115),
('a4bdb553', '2020-07-21', 'KBRBLK05C01D403E', 1100),
('a4fcec91', '2020-07-07', 'MHMRGT05B28Z100R', 1045),
('a555afca', '2020-07-03', 'DBYMSS05L23Z313D', 1100),
('a55cc876', '2020-07-09', 'SRRFNC06A54D612G', 1100),
('a5e5eeb4', '2020-07-02', 'NNCDGI06D17D612Q', 1045),
('a688db02', '2020-07-06', 'KRSMRK04T03D612H', 1245),
('a916f9b8', '2020-07-02', 'BHYMDL06S60Z249M', 915),
('a972ebf4', '2020-07-13', 'WNEXNY05E49Z210B', 915),
('a9cc935b', '2020-07-17', 'JNSLSV06R66D612U', 100),
('a9d63455', '2020-07-06', 'BRSLLN04L10Z160W', 1030),
('a9fcd858', '2020-07-16', 'NCCJSM05D22Z611R', 900),
('ac049b85', '2020-07-20', 'HRVCST06M21B036U', 1015),
('acb91335', '2020-07-14', 'BLKLMH06L55Z336Y', 1100),
('ad2d7c81', '2020-07-22', 'DLLNDR06M28D612Z', 1700),
('ad3c9de1', '2020-07-16', 'BLDLSS06S13D612G', 930),
('af10010c', '2020-07-16', 'CRSGRL06T07D612R', 930),
('b03cbd7c', '2020-07-11', 'CCCMLD06B47D403A', 100),
('b045b7b0', '2020-07-01', 'PSTMLN06T71C351C', 100),
('b0bdd728', '2020-07-03', 'PNNDTT06A55B036O', 915),
('b117f09f', '2020-07-17', 'CHSLSN06R04B036A', 1045),
('b156623f', '2020-07-13', 'SSGRNM04M10D612N', 1015),
('b15e3ed4', '2020-07-04', 'RRQMMM05M11G713Z', 100),
('b1f92ce6', '2020-07-20', 'PZZLCU06M06F656L', 1130),
('b2311351', '2020-07-06', 'SREDRD06P13A564U', 1015),
('b3526ac6', '2020-07-09', 'DLBNHL06B18A564K', 1030),
('b51ac7b5', '2020-07-14', 'BNSNNZ06L31D612R', 900),
('b6afb3a9', '2020-07-10', 'LKHZKR06D16D612Z', 915),
('b6e88df4', '2020-07-11', 'GLTGLI06P24G752I', 1145),
('b73600f3', '2020-07-07', 'NMABLL06R13Z330E', 1100),
('b8a0db40', '2020-07-06', 'LNVLRD06L25D403Q', 915),
('b8a0f461', '2020-07-01', 'HSALND06P18Z100W', 915),
('b8c675ac', '2020-07-15', 'BRTMTT06M24G999N', 1530),
('b99a6379', '2020-07-16', 'DMBDRD06E13BO36Z', 945),
('ba968197', '2020-07-11', 'TBNLSS06M28D612Q', 1200),
('baae7850', '2020-07-10', 'BSSLSN06C28D612T', 1115),
('bb38fdda', '2020-07-20', 'MDFGLI06T60D612A', 930),
('bb63447d', '2020-07-07', 'GRNNDR06B06D612F', 930),
('bba81ebb', '2020-07-04', 'CMNCST06D13D612M', 900),
('bc7634f8', '2020-07-04', 'BTORNS05M45D612U', 1130),
('bc8f7072', '2020-07-09', 'BNCMNL06H22F839K', 1200),
('bdcd47ca', '2020-07-02', 'CHNJHI06A12L117F', 1400),
('bdd917ab', '2020-07-08', 'HJDSBN06A20D612V', 930),
('be30c2fa', '2020-07-01', 'ZHASFN05H19D612O', 1200),
('bf0b6133', '2020-07-16', 'DLELPA06D25D612Q', 1630),
('bfd9d077', '2020-07-24', 'BTNLNI06E15D612C', 1230),
('bff781c4', '2020-07-15', 'BRGMTT06M17D612O', 1745),
('c14b766c', '2020-07-21', 'PRNLRI06B56D612O', 1045),
('c3da7c23', '2020-07-11', 'SLVLCA06C56D612B', 915),
('c3f99082', '2020-07-16', 'CPRLPA06S22D403J', 1600),
('c5bf7d70', '2020-07-11', 'STRPVT06D30Z112C', 1130),
('c5d8643d', '2020-07-21', 'TRLGCM06R19D612P', 915),
('c5de8aef', '2020-07-10', 'CHCLFR05R23D612B', 930),
('c60fa00c', '2020-07-04', 'DCRCRS06C24D612O', 1100),
('c6389733', '2020-07-07', 'MDCPTR06P27A564Z', 100),
('c63fb6de', '2020-07-13', 'YNGMTT06T30D612Q', 1130),
('c65c1ff2', '2020-07-07', 'BRTNDR06T17A390U', 1115),
('c752cb93', '2020-07-07', 'MGEMTT05M20D612Z', 100),
('c9bb03ff', '2020-07-01', 'SVRNDR06R11D612O', 930),
('ca2402b9', '2020-07-11', 'LVITMS06R24B036P', 1145),
('caa9aed9', '2020-07-13', 'SCTLEI06L12D612T', 100),
('cb4f40e3', '2020-07-08', 'BNCDGI06D09D612E', 1515),
('cbbfeb1a', '2020-07-07', 'TRLTMS06A01D612S', 900),
('ce2438dc', '2020-07-01', 'CRCTMS06L05D612A', 930),
('cf0f9931', '2020-07-11', 'SLLMNL06M19D612L', 1030),
('cf6c5fb3', '2020-07-08', 'ZFEDNS06A51D612L', 1600),
('cfb2ddfa', '2020-07-23', 'MZZGVR06L47D612Z', 1600),
('cfd5ade8', '2020-07-15', 'SNTSFN06B15D612Y', 1745),
('d08b9821', '2020-07-08', 'CNCMTT06P20G999I', 1015),
('d38a15f0', '2020-07-22', 'NCCSMR05T68D612T', 1400),
('d3916935', '2020-07-24', 'BSTNCL06P30A564Z', 900),
('d72735ce', '2020-07-02', 'MZZLNZ06L21A564H', 1030),
('da47a38f', '2020-07-23', 'VCCSCN06M25B036J', 1130),
('db6d27bb', '2020-07-14', 'RGHMLD06R54D612Z', 930),
('db9a029c', '2020-07-07', 'SSSLSS05S29D612S', 1045),
('dd934e17', '2020-07-23', 'GSHBND06R16Z160H', 1745),
('dda907f9', '2020-07-02', 'FSCNGL06M28D612P', 1400),
('de2d1cbc', '2020-07-07', 'PDRNCL06R09A564D', 1015),
('de7c7d17', '2020-07-03', 'VLTNDR06E19A564I', 1200),
('dee5db00', '2020-07-21', 'GRRMTT06P19D612L', 1230),
('df15af0f', '2020-07-11', 'LPALCU06L18G999O', 1030),
('e08fa1d3', '2020-07-09', 'BRNNLS06B01D612Z', 900),
('e0921721', '2020-07-06', 'RGRRRT06B26G999R', 945),
('e0cbbc76', '2020-07-10', 'CLMTMS06M19D612E', 100),
('e1413ff8', '2020-07-21', 'YEXFNC06E25L219T', 945),
('e384e999', '2020-07-22', 'FBRDDJ04C18D612R', 1745),
('e3d11610', '2020-07-07', 'DNGMTT06B15D612V', 930),
('e56855f1', '2020-07-09', 'PLLRCR07C14D612A', 1715),
('e58ee279', '2020-07-15', 'FLDCRS06D20D612W', 1630),
('e5928d17', '2020-07-02', 'RCNLNZ06M19Z140H', 100),
('e69883f9', '2020-07-17', 'CLDTMS06S22D612Y', 1200),
('e73125ec', '2020-07-07', 'CSCDGI06H29D612V', 1030),
('e75412fa', '2020-07-07', 'BCCSFO06S70D612Z', 915),
('e774420d', '2020-07-10', 'LCHNTH06D27Z208J', 1130),
('e8d702d7', '2020-07-14', 'MHMMTF06H10Z249Z', 1130),
('eb52f55c', '2020-07-16', 'GTRVTR04H10Z611D', 1715),
('eca6a966', '2020-07-22', 'FNTLSN05B27A564Z', 1100),
('edfef8a3', '2020-07-16', 'RLNLRD06M16A564A', 1515),
('eea0ee07', '2020-07-23', 'SRCLCU06P28D612V', 1630),
('eec91f5b', '2020-07-24', 'NNCNCL06B27D612N', 1300),
('eefe4250', '2020-07-24', 'LGRTMS06R30A944W', 1200),
('f0d672bd', '2020-07-08', 'RVOLNZ06C07D612T', 1015),
('f1477cc6', '2020-07-13', 'BTTFLV06L21D612W', 1230),
('f182b332', '2020-07-16', 'SRCCSM06C07D612J', 1730),
('f1e811e7', '2020-07-08', 'GRDLVR06A26D403R', 1415),
('f34a0913', '2020-07-11', 'SMGFLV05E22A564P', 1115),
('f3cc2892', '2020-07-10', 'PRSLSN06P17A564U', 930),
('f4443169', '2020-07-20', 'CNILNZ06M21D612O', 945),
('f447e35a', '2020-07-06', 'CDTFNC06L14D612Q', 1215),
('f516b56c', '2020-07-14', 'CMPFNC06C26D612W', 1215),
('f5632267', '2020-07-16', 'MSCTMS06A20A851B', 900),
('f74e21be', '2020-07-14', 'SRRFNC06A54D612G', 1215),
('f75ddabd', '2020-07-02', 'PPTSFO06T61D612Y', 930),
('f766a40b', '2020-07-11', 'SBTSFN06B02Z104N', 1115),
('f7ca7616', '2020-07-07', 'CRMLRD06L27D612M', 1215),
('f7f4d5c6', '2020-07-14', 'DGLLRD06B10A564Y', 930),
('f7fa6a9b', '2020-07-20', 'MRLMYR04P62Z611W', 930),
('f8280350', '2020-07-15', 'BNCLNZ06D07D612Z', 1730),
('f8f5626f', '2020-07-07', 'SRFGLI06B11D612O', 900),
('f9ea3728', '2020-07-04', 'MRSNCL06M13A564H', 1030),
('fa47c4d8', '2020-07-04', 'SPGNDR06C18A564J', 930),
('faacfcbb', '2020-07-07', 'CCCSRA06S70D612L', 1300),
('faca9133', '2020-07-14', 'GYUFBN05S54Z343S', 1200),
('fb1a1d3a', '2020-07-24', 'CRRMNL05A16B036M', 1130),
('fbb004cd', '2020-07-04', 'CBTMSN05L01B962W', 100),
('fc761398', '2020-07-15', 'HUXNDR06R27G999I', 930),
('fd0b8ada', '2020-07-02', 'STTNRC05P08Z129O', 1100),
('fd834f04', '2020-07-02', 'PVNLSS06T29D612X', 1500),
('fd8ac210', '2020-07-16', 'NDJMRK06S13G999C', 1515),
('fdbc6632', '2020-07-15', 'LRADSR05L57G674T', 1500),
('ff0e9841', '2020-07-14', 'LKHHSN06L03D612B', 1100),
('ffe83e94', '2020-07-02', 'MNSMTT06S29A564C', 900);

-- --------------------------------------------------------

--
-- Struttura della tabella `fasciaoraria`
--

CREATE TABLE IF NOT EXISTS `fasciaoraria` (
  `id` int(11) NOT NULL AUTO_INCREMENT,
  `ora_inizio` time NOT NULL,
  `ora_fine` time NOT NULL,
  `meridian` varchar(2) NOT NULL,
  PRIMARY KEY (`id`)
) ENGINE=InnoDB  DEFAULT CHARSET=latin1 AUTO_INCREMENT=1746 ;

--
-- Dump dei dati per la tabella `fasciaoraria`
--

INSERT INTO `fasciaoraria` (`id`, `ora_inizio`, `ora_fine`, `meridian`) VALUES
(100, '10:00:00', '10:15:00', 'am'),
(900, '09:00:00', '09:15:00', 'am'),
(915, '09:15:00', '09:30:00', 'am'),
(930, '09:30:00', '09:45:00', 'am'),
(945, '09:45:00', '10:00:00', 'am'),
(1015, '10:15:00', '10:30:00', 'am'),
(1030, '10:30:00', '10:45:00', 'am'),
(1045, '10:45:00', '11:00:00', 'am'),
(1100, '11:00:00', '11:15:00', 'am'),
(1115, '11:15:00', '11:30:00', 'am'),
(1130, '11:30:00', '11:45:00', 'am'),
(1145, '11:45:00', '12:00:00', 'am'),
(1200, '12:00:00', '12:15:00', 'am'),
(1215, '12:15:00', '12:30:00', 'am'),
(1230, '12:30:00', '12:45:00', 'am'),
(1245, '12:45:00', '13:00:00', 'am'),
(1300, '13:00:00', '13:15:00', 'am'),
(1400, '14:00:00', '14:15:00', 'pm'),
(1415, '14:15:00', '14:30:00', 'pm'),
(1430, '14:30:00', '14:45:00', 'pm'),
(1445, '14:45:00', '15:00:00', 'pm'),
(1500, '15:00:00', '15:15:00', 'pm'),
(1515, '15:15:00', '15:30:00', 'pm'),
(1530, '15:30:00', '15:45:00', 'pm'),
(1545, '15:45:00', '16:00:00', 'pm'),
(1600, '16:00:00', '16:15:00', 'pm'),
(1615, '16:15:00', '16:30:00', 'pm'),
(1630, '16:30:00', '16:45:00', 'pm'),
(1645, '16:45:00', '17:00:00', 'pm'),
(1700, '17:00:00', '17:15:00', 'pm'),
(1715, '17:15:00', '17:30:00', 'pm'),
(1730, '17:30:00', '17:45:00', 'pm'),
(1745, '17:45:00', '18:00:00', 'pm');

-- --------------------------------------------------------

--
-- Struttura della tabella `studente`
--

CREATE TABLE IF NOT EXISTS `studente` (
  `cf_stud` varchar(18) NOT NULL,
  `cognome_stud` varchar(80) NOT NULL,
  `nome_stud` varchar(80) NOT NULL,
  `cognome_gen` varchar(80) NOT NULL,
  `nome_gen` varchar(80) NOT NULL,
  `email` varchar(50) NOT NULL,
  `cellulare` varchar(15) NOT NULL,
  PRIMARY KEY (`cf_stud`)
) ENGINE=InnoDB DEFAULT CHARSET=latin1;

--
-- Dump dei dati per la tabella `studente`
--

INSERT INTO `studente` (`cf_stud`, `cognome_stud`, `nome_stud`, `cognome_gen`, `nome_gen`, `email`, `cellulare`) VALUES
('BCCSFO06S70D612Z', 'BACCI', 'SOFIA ', 'BACCI', 'IACOPO', 'ibsimpianti@gmail.com', '3393151065'),
('BCGLMP06H66D612A', 'BECAGLI', 'OLIMPIA ', 'BECAGLI', 'MAURIZIO', 'mobi6914@libero.it', '3291369120'),
('BDLHMD06H25D612U', 'ABDEL RAHMAN ', 'AHMED ', 'ABDEL RAHMAN ', 'OSAMA', 'adamos@hotmail.it', '3475499289'),
('BDYRNB06R31D612D', 'BAIDYA', 'ARNOB', 'BAIDYA', 'PRADIP KUMAR ', 'baidyababa@hotmail.it', '3480334637'),
('BGNLNZ06D19B019M', 'BIGNONE', 'LORENZO', 'MALIZIA', 'MARA', 'Malizia.mara@virgilio.it', '3349146040'),
('BGTLCU06D05D612D', 'BIAGIOTTI', 'LUCA', 'BIAGIOTTI', 'ANDREA', 'andrea.biagiotti710@gmail.com', '3930532952'),
('BHYMDL06S60Z249M', 'BHUIYAN ', 'MRIDULA ', 'MASUD', 'BHUIYAN', 'masudbhuiyan34@gmail.com', '3287048337'),
('BKCKVS05B21B036D', 'BUKACI', 'KLEVIS', 'PRENDI', 'LINDITA', 'l.prendi@outlook.it', '3279824250'),
('BLDDGI06B16D612N', 'BOLDRINI ', 'DIEGO', 'BOLDRINI ', 'ALESSANDRO', 'boldroale@gmail.com', '3483364791'),
('BLDGRL06P19D612V', 'BALDACCI', 'GABRIEL', 'STRIANESE', 'VINCENZA', 'vincenzastrianese80@libero.it', '3480991181'),
('BLDLSS06S13D612G', 'BALDI', 'ALESSIO', 'MACCARINI', 'ANNA', 'annamatte2018@gmail.com', '3402999760'),
('BLDMNL06B25D612D', 'BALDINI', 'MANUEL', 'BALDINI', 'ALBERTO ', 'abogiordy2013@gmail.com', '3291068993'),
('BLKLMH06L55Z336Y', 'ABOUELKHIR', 'LAILA MOHAMED MAHGOUB', 'ABOUELKHIR', 'MOHAMED MAHGOUB MOHAMED', 'abouelkhir65@gmail.com', '3343469715'),
('BLLBRN05P09G535Y', 'BALLHYSA ', 'BRAIAN ', 'BALLHYSA ', 'KIMETE ', 'kimeteballhysa01@gmail.com', '3884555915'),
('BLLLNZ06B23B036D', 'BELLANDI', 'LORENZO', 'BARLONDI', 'CLAUDIA', 'lolucla23@gmail.com', '3927832280'),
('BLLSML06H24A564V', 'BALLI', 'SAMUELE', 'CIANI', 'MANILA', 'mimma1971@alice.it', '3336868753'),
('BLNCRS07A19D612K', 'BLANDINO', 'CHRISTIAN ', 'NICCOLI ', 'SABRINA', 'niccolisabrina@libero.it', '3338042047'),
('BNCDGI06D09D612E', 'BENCIVENNI', 'DIEGO', 'SUCCI', 'SIMONA', 'simolore@live.it', '3387795488'),
('BNCDRD06T13G999O', 'BONCONPAGNI ', 'EDOARDO ', 'BRANCA ', 'ELISA', 'elisabranca1973@gmail.com', '3384321247'),
('BNCLNZ06D07D612Z', 'BIANCHI', 'LORENZO', 'PERROTTA', 'TATIANA', 'tatianaperrotta19@gmail.com', '3386945168'),
('BNCMNL06H22F839K', 'BUONOCORE', 'EMANUEL', 'BUONOCORE', 'LUIGI', 'luigibuonocore1972@libero.it', '3388246435'),
('BNCMRK06R06A564C', 'BONECHI', 'MIRKO ', 'BONECHI ', 'FEDERICO ', 'ylenia.coz@gmail.com', '3389641951'),
('BNDLNZ06R31B036K', 'BANDINI', 'LORENZO', 'CLAUDI', 'LAURA', 'minumetsnc@libero.it', '3495422554'),
('BNDVNT06R31D612S', 'BENEDETTI', 'VALENTINO', 'BERLINCIONI', 'BEATRICE', 'beatriceberlincioni@gmail.com', '3383819785'),
('BNMBSM07B12D612Q', 'BEN MOSBAH', 'BASEM', 'BEN MOSBAH', 'FEKRI', 'fekri@hotmail.it', '3404099160'),
('BNSNNZ06L31D612R', 'BENESTANTE', 'NUNZIO', 'SCOGNAMIGLIO', 'ROSA', 'rosascognamiglio105@gmail.com', '3207170685'),
('BRGMTT06M17D612O', 'BRAGGIOTTI', 'MATTEO', 'CECCHI', 'BARBARA', 'barbaracecchi77@gmail.com', '3288420488'),
('BRJMVN05D15D612U', 'BRIJANI', 'MARVIN', 'KASIM', 'SUELA', 'marbrijani@gmail.com', '3336100898'),
('BRNNLS06B01D612Z', 'BRINDANI', 'NICOLAS', 'CEVENINI', 'MONICA', 'monica.cevenini.65@gmail.com  brindani@overbath.it', '3313166152'),
('BRSGRL06M16D612P', 'BARSOTTI', 'GABRIELE', 'ORSI', 'GIADA', 'giadaorsi.14@gmail.com', '3663682313'),
('BRSKVN06C11D612V', 'BORSELLI', 'KEVIN', 'ZANI', 'DANIELA', 'gaialapo@alice.it', '3398010018'),
('BRSLLN04L10Z160W', 'BERISHA', 'LIRLIND', 'BERISHA', 'QAJUP', 'qajupberisha@gmail.com', '3278426250'),
('BRTMTT06M24G999N', 'BERTINI', 'MATTEO', 'CARRABS', 'LETIZIA', 'rb-solution@libero.it', '3382071685'),
('BRTNDR06T17A390U', 'BERTOLINO', 'ANDREA', 'BERTOLINO', 'ANTONIO', 'antoniobertolino@alice.it', '3381584325'),
('BRTRCR05ST02D612', 'BARTOLINI', 'RICCARDO', 'OTTANELLI ', 'MARA', 'maraottanelli@gmail.com', '3289733432'),
('BSCSML06P13D612I', 'BOSCHI ', 'SAMUELE', 'GHINI', 'LAURA', 'ghinilaura@gmail.com', '3312456412'),
('BSGTMS06L30A564B', 'BASAGNI', 'TOMMASO', 'TOFANI', 'BENEDETTA', 'benedetta.tofani@gmail.com', '3477616111'),
('BSSLSN06C28D612T', 'BASSI', 'ALESSANDRO', 'BASSI', 'CLAUDIO', 'claudiobassi70@virgilio.it', '055435798'),
('BSSTMS06D07D612K', 'BOSSOLI', 'TOMMASO', 'BOSSOLI', 'MAURO', 'mauro@studiobossoli.it', '3358057822'),
('BSTNCL06P30A564Z', 'BASTARELLI ', 'NICCOLò ', 'BASTARELLI ', 'FABIO', 'fabiobastarelli@gmail.com', '3475336250'),
('BTNLNI06E15D612C', 'BOTNARI', 'IULIAN', 'BORNARI', 'RODICA', 'rodicabotnaru029@gmail.com', '3484553077'),
('BTORNS05M45D612U', 'BOTA ', 'RAMONA  SIMONA ', 'BOTA ', 'CAMELIA IOANA', 'botacamelia74@gmail.com', '3801522416'),
('BTTFLV06L21D612W', 'BETTI', 'FLAVIO', 'FIORONI', 'REBECCA', 'rebecca.fioroni.04@gmail.com', '3475213554'),
('BTTFRC06E59G999R', 'BETTAZZI ', 'FEDERICA ', 'MATI', 'ILARIA ', 'ilariamati@libero.it', '392 2352215 '),
('BTTGRL06H05I158X', 'BOTTALICO', 'GABRIELE', 'DI LULLO ', 'MARIATERESA', 'dilullo2@alice.it', '3807926959'),
('BTTGRL06H10A564I', 'BETTINI', 'GABRIELE', 'POGGIALI', 'BARBARA', 'poggiali7@gmail.com', '3382798536'),
('BUANTN06M03D612N', 'BUA', 'ANTONIO', 'BUA', 'LEONARDO', 'info@leonardobua.it', '3295971241'),
('CBTMSN05L01B962W', 'CIUBOTARU ', 'MARIUS', 'CIUBOTARU ', 'CONSTANTIN', 'constantinciubotaru@icloud.com', '3282199986'),
('CCCLSNO6P05D61R', 'CECCHI', 'ALESSANDRO', 'TOZZI', 'ILARIA', 'ilariatozzi73@gmail.com', '3384628147'),
('CCCMLD06B47D403A', 'CECCHI', 'MATILDE', 'GENNAI', 'MANUELA', 'manuela.gennai@gmail.com', '3395374467'),
('CCCMLE06A09G752Q', 'COCCHI', 'EMILIO', 'COCCHI', 'TIBERIO ', 'tiberiococchi@libero.it', '3889341427'),
('CCCSRA06S70D612L', 'CIUCCHI', 'SARA', 'ACCARIGI', 'SIMONETTA', 'simonettaac@gmail.com', '3395681641'),
('CCTDDP06P01D612C', 'CICATELLI', 'DAVIDE PIO ', 'PARATORE', 'LUISA', 'luisaparatore5@gmail.com', '3333825285'),
('CDTFNC06L14D612Q', 'CADETTO', 'FRANCESCO', 'RAFFAELLI', 'SILVIA', 'silviacadetto1@gmail.com', '3299361246'),
('CHCLFR05R23D612B', 'CHACON AYMARA ', 'LUCA FRANCESCO ', 'CHACON AYMARA', 'JAQUELIN LIZBETH ', 'luquitas_23_05@hotmail.com', '3496869046 '),
('CHCSHD06A05D612W', 'ECHCHIHAB', 'SALAH EDDIN', 'ROSA', 'ANNA', 'MAMMAANNA20017@GMAIL.COM', '3801838225'),
('CHLMRK05C28A564D', 'CHELLI', 'MIRKO', 'CHELLI', 'MIRKO', 'chellimatteo7@gmail.com', '3286181171'),
('CHNFRC05R28D403X', 'CHEN', 'FEDERICO ', 'YANG', 'XIAO CUI', 'fedec5480@gmail.com', '3389843815'),
('CHNJHI06A12L117F', 'CHEN', 'JIA HAO', 'ZHENG', 'ZE RONG', '729118853ale@gmail.com', '3487281988'),
('CHNLJN05L51Z210U', 'CHEN', 'LIJUN', 'YU', 'ZHENGMEI', 'WEIXINYU29@GMAIL.COM', '3778160576'),
('CHNSRA06B59I728H', 'CHENG', 'SARA', 'CHENG', 'FAYANG', 'CHENGSARA520@GMAIL.COM', '3495076469'),
('CHRLPA06A13D612W', 'CHIARI', 'LAPO', 'NARDINI', 'BARBARA', 'barbara.nardini74@gmail.com', '3288438333'),
('CHSLSN06R04B036A', 'CHIESI', 'ALESSANDRO', 'LOMBARDI', 'CATERINA', 'carlochiesi@alice.it', '3392408936'),
('CHWSPN04L43Z249N', 'CHOWDHURY', 'SAMAPANI', 'CHOWDHURY', 'RASADA BEGUM', 'shomachowdhury05@gmail.com', '3898999959'),
('CLAGMM06P48D612G', 'CALì', 'GEMMA', 'PIERI', 'MARA', 'mpieri81@gmail.com', '334-8574545'),
('CLDTMS06S22D612Y', 'TOMMASO ALESSANDRO', 'CALDARARU', 'PAULET', 'MARCELA', 'tommasodima6@gmail.com', '3885811081'),
('CLLLRT06H17A564Y', 'COLLINI', 'ALBERTO', 'COLLINI', 'DANIELE', 'danielecollini@gmail.com', '3484780154'),
('CLLRMO06L26A564V', 'CELLAI', 'ROMEO ', 'CASALI', 'CHIARA', 'chiaracasali71@gmail.com', '3384579787'),
('CLMLSN06E12D612M', 'CALAMASSI', 'ALESSANDRO ', 'CASINI', 'PAOLA', 'paolacasini3@gmail.com', '3396737872'),
('CLMTMS06M19D612E', 'CULMONE', 'TOMMASO', 'BRESCI', 'LISA', 'info@brescimotor.com', '3332067279'),
('CLNNDR06R31D612L', 'CALONE', 'ANDREA', 'CICCARELLI', 'VALERIA', 'ciccarelli-valeria@alice.it', '3335871804'),
('CLRLCA06R49A564E', 'IACOLARE', 'ALICE', 'FEROCI', 'CATERINA', 'cateferox@gmail.com', '3398044172'),
('CMMLRD06H18D612V', 'CIMMINO', 'LEONARDO', 'CIARELLA', 'CARMINA', 'D4n1l4@libero.it', '3208968181'),
('CMNCST06D13D612M', 'CIMINELLI', 'CRISTIAN', 'PECCHIOLI', 'ANNAMARIA', 'annamaria.pecchioli@gmail.com', '3477692610'),
('CMPDRD06S15D612N', 'COMPARINI', 'EDOARDO', 'CIRINEI', 'SARA', 'sara.cirinei@gmail.com', '3338342762'),
('CMPFNC06C26D612W', 'CAMPOS CHAVEZ', 'FRANCESCO MIGUEL', 'CHAVEZ ESPINAL', 'ELIDIA JANETH', 'netf0556@gmail.com', '3290372583'),
('CMPSRG06RO7B036A', 'COMPARINI', 'OSCAR GABRIEL', 'RÖNNFELDT', 'STEPHANIE', 'st.ronnfeldt@gmail.com', '3498124875'),
('CMRLRD06R22D612P', 'CAMERANO', 'LEONARDO', 'CHIARLITTI', 'SABRINA', 'sabrinachiarlitti1@gmail.com', '3292828909'),
('CNCMTT06P20G999I', 'CIANCAGLINI', 'MATTEO', 'TRIBBIOLI', 'FRANCESCA', 'francesca.tribbioli@gmail.com', '3384914202'),
('CNILNZ06M21D612O', 'CIONI', 'LORENZO', 'MINI', 'BARBARA', 'mini.barbara1972@hotmail.com', '3383598252'),
('CNNPRL06C47D612Z', 'CANNONE', 'PERLA', 'CANNONE', 'DOMENICO', 'zorbas17 gmail.com', '3472611248'),
('CNSVTR06C03D612V', 'CONSUMI', 'VITTORIO', 'DEL BENE', 'BARBARA', 'barbara.db.mail@gmail.com', '3382410171'),
('CNTCRM06M69D612A', 'CANTOS', 'CHIARA MARI', 'MAHIYA', 'EFELITA', 'efelitamahiya@gmail.com', '3282121281'),
('CNTGDU06A16A564N', 'CONTI', 'GUIDO', 'TEI', 'FRANCESCA', '200502011601fgg@gmail.com', '3663837895'),
('CNTLNZ06R04D612G', 'CANTONE', 'LORENZO', 'PICONESE', 'VALENTINA', 'vpiconese@dsu.toscana.it', '3208271362'),
('CPCGDU06B25D612A', 'CAPECCHI', 'GUIDO', 'CHERICI', 'BARBARA', 'barbara.cherici@pec.it', '+393477116290'),
('CPNMTT06D06G999P', 'CIAPINI', 'MATTEO', 'GORI', 'STEFANIA', 'stefygorina1975@gmail.com', '3884004097'),
('CPPRCR06M10D612J', 'CAPPELLI', 'RICCARDO', 'PLAISANT', 'MARIA CHIARA ', 'p.chiara.2013@gmail.com', '3397136702'),
('CPRLPA06S22D403J', 'CIPRIANI', 'LAPO', 'MALINCONI', 'BARBARA', 'malinconi2017@gmail.com', '3389225925'),
('CRBLSI06D54B036X', 'CERBAI', 'LISA', 'GALLORINI ', 'LAURA', 'laurg69@alice.it', '3335662597'),
('CRCTMS06L05D612A', 'CARACCI ', 'TOMMASO', 'CRIVELLARI ', 'DENISE ', 'denisecrivellari@yahoo.it', '3471277082'),
('CRDJMY05P24Z611L', 'CORDOVA SANCHEZ ', 'JEREMY ALESSANDRO ', 'SANCHEZ ROSAS ', 'CRISTINA VIVIANA', 'cibercriss@hotmail.com', '3270026060'),
('CRDMNL06E06D612X', 'CARDINI', 'EMANUELE ', 'CARDINI', 'DIMITRI', 'dimitricardini.live.it@gmail.com', '3925520764'),
('CRJLTN06D25Z100G', 'CARAJ', 'OLTION', 'XHELILAJ ', 'JOLANDA', 'artjolacaraj@icloud.com', '3277780037'),
('CRMLRD06L27D612M', 'CARMIGNANI', 'LEONARDO', 'CARMIGNANI', 'ROBERTO', 'roberto.carmignani@virgilio.it', '3393937979'),
('CRPSFO06A70A564K', 'CARPINELLI', 'SOFIA', 'FANFANI', 'SERENA', 'tonicarpi@hotmail.it', '3384137353'),
('CRRLRD06B20D612I', 'CARRAI', 'LEONARDO', 'CARRAI', 'FILIPPO', 'filaippo19@gmail.com', '3281982731'),
('CRRMNL05A16B036M', 'CORRADDOSSI', 'MANUEL', 'MORBIDELLI', 'MARZIA', 'marziamorbidelli779@gmail.com', '3333318235'),
('CRSGRL06T07D612R', 'CORSI', 'GABRIELE', 'CORSI', 'CRISTIANO', 'cristiano.corsi2@tin.it', '3806188150'),
('CRSLRD06L25D612C', 'CORSI', 'LEONARDO ', 'CORSI ', 'STEFANO', 'stefanocorsi36@gmail.com', '3382859096'),
('CRSNNL04R19Z611Y', 'CRISPIN LOZANO', 'ENMANUEL MOISES', 'CRISPIN BRENA', 'MOISES LAZARO', 'nildaaliosha0972@gmail.com', '3273862058'),
('CRTFRC06S21A564W', 'CORTI', 'FEDERICO ', 'CORTI', 'MASSIMILIANO', 'massimiliano@metalprecious.it', '3382791806'),
('CSCDGI06H29D612V', 'CASUCCI', 'DIEGO', 'CASUCCI', 'MASSIMILIANO', 'adriana.forlani@gmail.com', '3280427016'),
('CSHDVD05A16G999G', 'CAUSHI', 'DAVID', 'CAUSHI', 'PERPARIM', 'aleksandro.caushicr7@gmail.com', '3281710304'),
('DBRMHL05P25D612A', 'DOBRITA BADEA', 'MICHELE CRISTIAN', 'DOBRITA BADEA', 'MARILENA', 'marilenamarilena11@yahoo.com', '3923984207'),
('DBYMSS05L23Z313D', 'DIABY', 'MOUSSA', 'DOSSO', 'MARIAME', 'dossomariame4@gmail.com', '3921424923'),
('DCRCRS06C24D612O', 'DE CRISTOFARO ', 'CHRISTIAN ', 'DE CRISTOFARO ', 'FEDERICO', 'bagnidalia@gmail.com', '3346335432'),
('DGLJCP06E08G999I', 'DEGLI ESPOSTI ', 'JACOPO', 'MAURO', 'MONICA', 'gimojavi@gmail.com', '3476460159'),
('DGLLRD06B10A564Y', 'DEGL''INNOCENTI', 'LEONARDO', 'NOCENTINI', 'BARBARA', 'barbara.nocentini@tiscali.it', '3476548444'),
('DGLMTT06C23D612D', 'DEGLI INNOCENTI', 'MATTIA', 'MORANDI', 'FEDERICA', 'federicamorand@hotmail.com', '3496644574'),
('DGNGLI06P20D612K', 'DIGNANI', 'GIOELE', 'MORZETTA', 'ROSANNA', 'rosanna.morzetta@gmail.com', '3391607554'),
('DGRLSN06A02D612Q', 'DI GARBO', 'ALESSANDRO', 'BIANCALANI', 'IRENE', 'biancalani.irene@gmail.com', '3476197653'),
('DLBNHL06B18A564K', 'DEL BUBBA', 'NICHOLAS', 'ROSELLI', 'STEFANIA', 'ariodelbubba@tiscali.it', '3318877266'),
('DLELPA06D25D612Q', 'DELI', 'LAPO', 'DELI', 'DAVIDE', 'davide.deli70@gmail.com', '3315793393'),
('DLGJLU06C61G999L', 'DI LUIGI ', 'JULIA', 'DI LUIGI', 'ISIDORO', 'gabrieleidiluigi@gmail.com', '3392023989'),
('DLLNDR06M28D612Z', 'DELLA BARTOLA ', 'ANDREA', 'FIORINI ', 'CRISTINA ', 'cri6636@gmail.com', '3463753115'),
('DLPBCT06M52A564F', 'DEL PINO LOAYZA', 'BLU CATERINA', 'LOAYZA MORALES', 'NANCY', 'rovetti.mariella@gmail.com', '3455313034'),
('DMBDRD06E13BO36Z', 'DUMBRAVA ', 'EDUARDO', 'DUMBRAVA', 'EUGENIA DANIELA ', 'danieladumbrava25@yahoo.it', '3669339561'),
('DMRSML06H29D612P', 'DI MARTINO', 'SAMUELE', 'D’ANGELO', 'LAURA', 'carmen.di.martino.4@gmail.com', '3338992147'),
('DNEJRA06R27A564E', 'DEIANA', 'JARI', 'ORDANO', 'NADIA', 'nadia.ordano@gmail.com', '3395842137'),
('DNGMTT06B15D612V', 'D''ANGELO', 'MATTIA', 'PINCITORE', 'ROMINA', 'rominapincitore@libero.it', '3295952302'),
('DNILPA07D02A564X', 'DINI', 'LAPO', 'BROGI', 'GIULIA', 'g.brogi81@gmail.com', '3470874979'),
('DRNLRA06P67Z602L', 'DURANTI DE LIMA', 'LAURA', 'MAGALHAES DURANTI', 'LIVIA', 'liduranti@gmail.com', '3293676833'),
('FBRDDJ04C18D612R', 'FABRIZI', 'DAVIDE JESUS', 'FABRIZI', 'FILIPPO', 'fabrizi.f@katamail.com', '3888440763'),
('FCCPTR06T29D612E', 'FACCANI', 'PIETRO', 'CERVAROLI', 'VALENTINA', 'valentinacervaroli@virgilio.it', '3477230673'),
('FCCTSE06A24D612U', 'FACCHINI', 'TESEO', 'STADERINI', 'ELISA', 'elisastaderini76@gmail.com', '3289613106'),
('FLDCRS06D20D612W', 'FILIDDANI ', 'CHRISTIAN ', 'BOMBACCI', 'ERICA', 'ericabombacci@gmail.com', '3496983770'),
('FLRCLS05M18Z611L', 'FLORES POMA', 'CARLOS AGUSTO', 'POMA HUIZA', 'LIZ MIRIAN', 'pomaliz29@gmail.com', '3295416538'),
('FNCNHL05R24A564V', 'FANCELLI', 'NICHOLAS', 'FANCELLI', 'MARCO', 'leroy1@hotmail.it', '3929066152'),
('FNTLSN05B27A564Z', 'FONTANI ', 'ALESSANDRO ', 'ONOFRI ', 'DANIELA ', 'ddaniela.oonofri@gmail.com', '+393402526587 '),
('FRSNDR05R02D612S', 'FRASCANI', 'ANDREA', 'MAKHMOUTOVA ', 'KSENIA', 'xenia.m@virgilio.it', '3388254273'),
('FRTSML06C20D612A', 'FIORETTI', 'SAMUELE', 'FIORETTI', 'SIMONE', 'fiorettifamily4@gmail.com', '3332706276'),
('FRTTMS06H30D612V', 'FORTINI', 'TOMMASO', 'FRONDUTI', 'CATIA', 'catia.fronduti@uslcentro.toscana.it', '3476180928'),
('FRZFPP06M05B455M', 'FRIZZI ', 'FILIPPO YUKI ', 'GIANNINI', 'ENRICA', 'enricagiannini.62@gmail.com', '3315836494'),
('FSCNGL06M28D612P', 'FISCARELLI', 'ANGELO', 'ALESSANDRO', 'COSIMA EMILIA', 'marco.fiscarelli@yahoo.it', '3274494084'),
('GBBSML06L19A564U', 'GABBRIELLI', 'SAMUELE', 'BARTOLOZZI ', 'MONIA', 'moniabartolozzi@alice.it', '340-5971482'),
('GDTLSS05T30D612R', 'GUIDOTTI', 'ALESSIO', 'GUIDOTTI', 'GIANLUCA ', 'joannakucaba@gmail.com', '3318173131'),
('GJKLSS06M03D612T', 'GJEKA', 'ALESSIO ', 'GJEKA', 'ELIDA', 'elida.gjeka@gmail.com', '3208253848'),
('GLLSRA06P65D612F', 'GALLI', 'SARA', 'GALLI', 'ALESSANDRO', 'a.galli64@gmail.com', '3292454183'),
('GLTGLI06P24G752I', 'GUALTIERI', 'GIOELE', 'CANTINI', 'GIAMPAOLA', 'giampaola.cantini@gmail.com', '3498426580'),
('GMBSML06P05D612R', 'GIOMBI', 'SAMUELE', 'PIAZZA', 'STEFANIA', 'spiritviolet29@gmail.com', '3519225571'),
('GNNTMS06D39B036E', 'GIANNINI', 'TOMMASO ', 'GIANNINI', 'ALESSIO', 'rdesist@tin.it', '3392334614'),
('GRCMLR06E05D612T', 'GARCIA CONDOR', 'EMANUEL RAUL', 'CONDOR ADAUTO', 'LUZ ROCIO', 'luz0381@hotmail.it', '3282127669'),
('GRDLVR06A26D403R', 'GRADI', 'OLIVIERO', 'GRADI', 'STEFANO', 's.gradi@alice.it', '338 6605622'),
('GRDMTT06A20F839N', 'GIORDANO ', 'MATTEO ', 'D’AMBRA ', 'STEFANIA ', 'stefania.dambra75@gmail.com', '3404608509'),
('GRNFRC06C10A564F', 'GUARNIERI', 'FEDERICO', 'GUARNIERI', 'LUCA', 'lucag99@libero.it', '3286854281'),
('GRNNDR06B06D612F', 'GUARNIERI', 'ANDREA', 'GUARNIERI', 'MARCO', 'guarni70@gmail.com', '3355269747'),
('GROMTT06C31A564B', 'GORI', 'MATTIA', 'LA COMMARE', 'FRANCESCA', 'woocky72@hotmail.com', '3319026778'),
('GROPLA06L29D612Q', 'GORI ', 'PAOLO', 'FRANCIONI ', 'ILENIA ', 'ilesengir@hotmail.it', '3409483525'),
('GRRMTT06P19D612L', 'GUERRA', 'MATTEO', 'SANNINO ', 'MONIA', 'sanninomonia@gmail.com', '324 582 0949'),
('GSHBND06R16Z160H', 'GASHI', 'BLEND', 'GASHI', 'TAFIL', 'tgashi628@gmail.com', '3886584714'),
('GSNLNZ06M16G999Z', 'GISONNI', 'LORENZO PAOLO', 'GISONNI', 'ENZO', 'probestofcinelli@gmail.com', '3398034379'),
('GSPMRC06A13D612U', 'GIUSEPPONI', 'MARCO', 'BRUSCHI', 'ELISABETTA ', 'bettybruschi3@gmail.com', '3396737340'),
('GTRVTR04H10Z611D', 'GUTIERREZ ALARCON', 'VICTOR RONNY', 'GUTIERREZ LEGUIA', 'VICTOR', 'diomart049@hotmail.com', '3207696280'),
('GVLMTT07A10A564U', 'GAVILLI', 'MATTEO', 'GAVILLI', 'MASSIMILIANO', 'gavillimassi@gmail.com', '3297030806'),
('GYUFBN05S54Z343S', 'GUYE', 'FATOU BINTOU', 'GUEYE', 'BABACAR', 'babacargueye170172@gmail.com', '3511360264'),
('HJDSBN06A20D612V', 'HAJDERASI', 'SHABAN', 'HAJDERASI', 'MAJLINDA', 'keltrina94@gmail.com', '3429423350'),
('HJRGNA05D24Z160M', 'HAJRULLAHU', 'AGON', 'HAJRULLAHU', 'SHEMSIJE', 'tgashi628@gmail.com', '3886584714'),
('HNGZHH05A02Z210I', 'HUANG', 'ZHIHAO', 'LU', 'HUAMEI', 'luxiaocha@icloud.com', '3778193463'),
('HRVCST06M21B036U', 'HOROVEI', 'CRISTIAN', 'ZLATE', 'VIOLETA', 'zlate_vio@yahoo.it', '3922023478'),
('HSALND06P18Z100W', 'HASA', 'ALESANDRO', 'HASA', 'BEDRI', 'hbedri75@gmail.com', '3290948326'),
('HUXNDR06R27G999I', 'HU', 'ANDREA', 'CHEN ', 'ZHOUTAO ', '2905623280@qq.com', '3288986619'),
('HXHRND06D08Z100A', 'HOXHA', 'ARTENID', 'LLAJAJ', 'OLIMBI', 'OLA86@OUTLOOK.IT', '3914849057'),
('HXHRSN06B15B036K', 'HOXHA', 'ARSEN', 'HOXHA', 'MYRVETE ', 'myrvetehoxha82@icloud.com', '3290416927'),
('JLSJMN06M44D612Q', 'JLASSI', 'JASMIN', 'ADELI', 'SARGION', 'adelisergio@gmail.com', '3331317013'),
('JNSLSV06R66D612U', 'JENSSEN SOLIS', 'ALESSIA VALERIA', 'SOLIS LEVANO', 'ERICA SOFIA', 'ericasolislevano@gmail.com', '3394762954'),
('JRFJSF06P16A564B', 'JERFEL', 'JOSEF', 'MARGARUCCI', 'ANNA', 'annie.marga@hotmail.it', '3337642615'),
('JYOHLN06L28Z222T', 'JOU', 'HALAN', 'JOY', 'LIJI', 'helvinjoy@gmail.com', '3881660041'),
('KBRBLK05C01D403E', 'KIBIR', 'ABDEL-KARIM', 'MONTISCI', 'LIANA', 'lailamontisci@gnail.com', '3804363608'),
('KHNYRR05R28Z249M', 'KHAN', 'YEASIR ARAFAT', 'KHAN', 'ABDUR RAHIM', 'abdurrahimkhan285@gmail.com', '3283584077'),
('KMRLSY05M03D612U', 'KUMARAGE DON', 'ALEKSY MAKSYMILIAN', 'KUMARAGE DON', 'JAGATH ANURA', 'prosciuttofritto@gmail.com', '3395877740'),
('KRSMRK04T03D612H', 'KRASNIC', 'MIRKO', 'KRASNIKI', 'SUHADA', 'segreteriadidattica@isisdavinci.eu', '3711835270'),
('KSALSU06M28L500F', 'KASA', 'LUIS', 'MARKU', 'LULJETA', 'pavlin67@gmail.com', '3207046902'),
('LCHNTH06D27Z208J', 'LACHI', 'NAVUTH', 'MACCIANTI', 'FRANCESCA', 'macciantifra@gmail.com', '3395423286'),
('LCURSB06H24A564L', 'LUCIU', 'RAUL EUSEBIO ', 'BUDIS', 'RAMONA ARONICA ', 'salva_monique@yahoo.com', '3206666601'),
('LGMMYM06S56D612J', 'ELGAMAL', 'MARYAM MAGDI ABOUSALLAM IBRAHIM', 'ELGAMAL', 'MAGDY ABOUSALAM IBRAHIM', 'magdielgamal9@gmail.com', '3317469736'),
('LGRTMS06R30A944W', 'LIGUORI', 'THOMAS ', 'DARMIENTO', 'CHIARA', 'kiaradarmiento@gmail.com', '3206995901'),
('LKHHSN06L03D612B', 'EL KHALDI', 'HASSAN', 'EL ASLY ', 'NADIA ', 'nadiaelasly0@gmail.com', '3276258740'),
('LKHZKR06D16D612Z', 'EL KHAYYARI ', 'ZAKARIA ', 'EL KHYYARI ', 'SAAOD ', 'saaidelkhayyari22@gmail.com', '3881243318'),
('LKJNSN06M11D612T', 'LUKAJ ', 'NELSON ', 'LUKAJ', 'FIORA ', 'fioranelson226@gmail.com', '3201164826'),
('LNCLNZ06P03D612P', 'LENCIONI', 'LORENZO LAPO', 'LENCIONI', 'GIOVANNI', 'giovanni@studiolencioni.it', '3395477857'),
('LNCMRK06SO3A564C', 'LANCIA ', 'MIRKO', 'ROCCHI', 'ANTONELLA', 'antonellarocchi71@virgilio.it', '3338433689'),
('LNVLRD06L25D403Q', 'LA NEVE', 'LEONARDO', 'BONECHI ', 'LUCIA', 'bonechi.lucia76@gmail.com', ' +39334 9979925'),
('LOIPTR06B15A564C', 'OLIA', 'PIETRO ', 'PERINI', 'SILVIA ', 'silviaperini72@gmail.com', '3478144461'),
('LPALCU06L18G999O', 'LAPI', 'LUCA', 'SARTI', 'ALESSIA', 'andreluster66@gmail.com', '3385600186'),
('LRADSR05L57G674T', 'ALARIO', 'DESIREE', 'GUMINA', 'ROSALIA', 'alario.rosy@hotmail.it', '3662674313'),
('LSCFNC06H04D612H', 'LASCIALFARI', 'FRANCESCO', 'BIGAZZI', 'SONIA', 'sbigazzi13@gmail.com', '3476572803'),
('LSHLLI04P15Z138B', 'LIASHCHUK ', 'ILLIA', 'MOSKALENKO ', 'OLENA ', 'liaschuklena@gmail.com', '3891776377'),
('LSMHRD06A67D612J', 'LUIS MUSTELIER', 'HILARIA DE LA CARIDAD', 'MUSTELIER ORDAZ', 'ORIETA', 'mustelierorieta@gmail.com', ' +39 3713046811'),
('LSTCST06T59D612K', 'LASTRI', 'CELESTE', 'LASTRI', 'DANIELE', 'sabrina_gambini@baxter.com', '3395932599'),
('LVITMS06R24B036P', 'LIVI', 'TOMMASO', 'LIVI', 'ALESSANDRO', 'barbara.raspanti@gmail.com', '3397014082'),
('LVRNRT06L16Z602P', 'OLIVEIRA DE LIRA', 'ENZO ARTHUR ', 'DE JESUS OLIVEIRA', 'GENESANDRA', 'genyarthur@hotmail.com', '3899264634'),
('MBSHNT05SO5Z236A', 'MUBASHAR ', 'HASNAT ', 'ALI', 'MUBASHAR ', 'mubasharali8630@gmai.com', '3292117711'),
('MCHFNC06M02F112B', 'MACHEDA', 'FRANCESCO', 'CILIONE', 'DOMENICA', 'domenicaciline3@gmail.com', '3280299674'),
('MDCPTR06P27A564Z', 'MODICA AMORE', 'PIETRO', 'PASQUINELLI', 'CHIARA', 'chiarapasquinelli.ma@gmail.com', '3479823873'),
('MDDMNL05T15D612Z', 'MADDIO', 'MANUEL', 'FAGGIOLI', 'DEBORA', 'segreteriadidattica@isisdavinci.eu', '3922262909'),
('MDFGLI06T60D612A', 'MADAFFARI ', 'GIULIA', 'MADAFFARI ', 'VINCENZO ', 'vincmad.69@gmail.com', '3498702449'),
('MDFLRZ06T60D612A', 'MADAFFARI ', 'LUCREZIA ', 'MADAFFARI ', 'VINCENZO ', 'vincmad.69@gmail.com', '3498702449'),
('MDXSHM05H58G999P', 'MD', 'ASHMA', 'FERDUSH', 'JANNATUL', 'gemonzani@gmail.com', '3393020273'),
('MGEMTT05M20D612Z', 'MEGA', 'MATTIA', 'MONTINARO', 'LUIGIA', 'ginanto_2007@libero.it', '055419049'),
('MGLSRI06P60D612Z', 'AMEGLIO', 'SIRIA', 'AMEGLIO', 'STEFANO', 'stefano.ameglio@alice.it', '3457120603'),
('MGNGRL06D18G999E', 'MAGNOLFI', 'GABRIELE', 'MATTEI', 'TANIA', 'taniamattei1@gmail.com', '3929903500'),
('MGZMNL20D612Y', 'MAGAZZU', 'MANUEL', 'CITARRELLA', 'GIOVANNA', 'citarellagiovanna2912@gma', '3351520805'),
('MHMMTF06H10Z249Z', 'MAHIM', 'MD TAFSIROL RAHMAN', 'RAHMAN', 'MOHUMMAD ZIAUR', 'misanur1112126@gmail.com', '3273725891'),
('MHMRGT05B28Z100R', 'MEHMETAJ', 'ORGITO', 'DIONISIO', 'MARIA LETIZIA', 'equipe.apg@fondazioneantoniana.org', '3701337948'),
('MLRMRC06H18A564B', 'MULARGIA', 'MARCO', 'BRAU', 'MARIA ASSUNTA', 'marybrau@hotmail.it', '3929914549'),
('MMASDN06B13D612E', 'AMAMOU', 'SAIF', 'BEN DHAOU', 'AMEL', 'amalbendau@gmail.com', '3895967965'),
('MNCNCL05B05D612E', 'MENCHERINI', 'NICCOLO''', 'MUSARRA TUBI', 'MARIA TERESA', 'terrygarda@libero.it', '3282661339'),
('MNFGAI06R42D612D', 'MANFREDI', 'GAIA', 'POIDOMANI', 'DEBORA', 'deborapoidomani@libero.it', '3408000419'),
('MNLFPP06P03Z154K', 'MINELLI', 'FILIPPO', 'ROVETI', 'MARINA', 'marinaroveti@gmail.com', '3200412379'),
('MNNMTT06S16B036V', 'MANNELLI', 'MATTEO', 'MANNELLI', 'GIUSEPPE', 'mannelligiuseppe@gmail.com', '3385707170'),
('MNSMTT06S29A564C', 'MONSANI', 'MATTIA', 'DI STEFANO', 'ROSALBA', 'rosydisti@gmail.com', '3396595391'),
('MNZSLV06C01B791G', 'MANZILLO ', 'SILVIO', 'MANZILLO', 'EMILIO', 'manzilloemilio@libero.it', '3396851541'),
('MRCLNI06A41D612L', 'MARCHI', 'ILENIA', 'MARCHI', 'LORENZO', 'lorenzo.marchi73@gmail.com', '3486487906'),
('MRCMNL06E23D612C', 'MARCHESANO', 'EMANUELE', 'HASMASAN', 'MIHAELA', 'mimmomarchesano@gmail.com', '3473796144'),
('MRGMCS06R17612M', 'MARGINEAN ', 'MARCUS ', 'GLIGA', 'ROZALIA ELISABETA ', 'rozalia.gliga@gmail.com', '3206951958'),
('MRLFNC06S26D612W', 'MORELLI', 'FRANCESCO', 'TAVERNI', 'SILVIA', 'silfraleo@libero.it', '3337620287'),
('MRLMYR04P62Z611W', 'MORALES SALAZAR ', 'MARYORI LYN', 'MORALES ALBARRACIN ', 'ROBERT LEVIS ', 'robertlevismorales@gmail.com', '3282747649'),
('MRNLSS05B19D612S', 'MARONGIU', 'ALESSIO', 'MAGLIERI', 'PAOLA', 'paolinamagli@gmail.com', '3397342781'),
('MRRRTS06T28A564G', 'MORARU', 'RENATO STEFAN', 'MORARU', 'STEFAN', 'renatostefan@yahoo.it', '3288319341'),
('MRRTMS06A22D612H', 'MARRETTI', 'THOMAS', 'GABELLI', 'SARA', 'aras79ga@alice.it', '3332562844'),
('MRSNCL06M13A564H', 'MORSIANI ', 'NICCOLò ', 'SQUATRITI', 'STEFANIA', 'stefania.squatriti@gmail.com', '339-4618873'),
('MRTLCA06S51D612J', 'MARATA', 'ALICE', 'MARCHI', 'PATRIZIA', 'marchi.patrizia2017@gmail.com', '3393475874'),
('MRTLDY05M09Z505F', 'MARTINEZ ACOSTA', 'LEUDY', 'ACOSTA DE PARIGI', 'SEBASTIANA', 'pagioracing85@gmail.com', '3667246057'),
('MRTMLD06S69D612I', 'MARIOTTI ', 'MATILDE', 'MARIOTTI', 'MATTEO', 'madrix78@gmail.com', '3406143103'),
('MRTMRG06A69D612E', 'MARTINELLI', 'MARGò ', 'MARTINELLI', 'MORIS', 'martinellimoris@icloud.com', '3402764349'),
('MRZMRC05L23A564X', 'MOROZZI ', 'MARCO ', 'TRAVELLI ', 'BARBARA ', 'barbaratravelli22@gmail.com', '3335915789'),
('MSASRN06A59B036A', 'MASI', 'SERENA', 'BACCI', 'DEBORA', 'debora_bacci@virgilio.it', '3476982698'),
('MSCTMS06A20A851B', 'MASCIA ', 'THOMAS', 'FARSETTI', 'LAURA', 'lfarsetti9@gmail.com', '3396904884'),
('MSTLNZ05D18G999O', 'MASTI', 'LORENZO', 'BISPO  DOS SANTOS', 'SILVANA', 'marcoesilvana18@gmail.com', '3299176288'),
('MSTRVN05E31D612C', 'MUSTAFA', 'RIDVAN', 'MUSTAFA', 'BEDRIJE', 'segreteriadidattica@isisdavinci.eu', '3391612172'),
('MYSJSN07A10D612T', 'MYSLIHAKA', 'JESON', 'MYSLIHAKA', 'QEMAL', 'qemalmyslihaka@hotmail.it', '3891741461'),
('MZZGVR06L47D612Z', 'MAZZONI', 'GINEVRA', 'TORRIGIANI', 'CLAUDIA', 'claudia@torrigianisrl.com', '3398541222'),
('MZZLNZ06L21A564H', 'MAZZOCCHI', 'LORENZO', 'MIGLIORINI ', 'SILVIA', 'silviamigliorini71@gmail.com', '3398589468'),
('MZZSML06M24B036N', 'MOZZATO', 'SAMUELE', 'DISARò', 'SABRINA', 'disa.s@libero.it', '3387726551'),
('NCCJSM05D22Z611R', 'ANCCO EGOAVIL', 'JHOSMAR JHEREMY DANIEL', 'EGOAVIL RAYMUNDO', 'EVA VERONICA', 'egoavil458@gmail.com', '3245861969'),
('NCCNDR0623D612B', 'NICCOLI', 'ANDREA', 'VANNUCCI', 'ILARIA', 'marchila1975@gmail.com', '3357329243'),
('NCCSMR05T68D612T', 'NACCI', 'SAMIRA', 'PISCIONE', 'GABRIELLA', 'gabriella1980.p@gmail.com', '3272571748'),
('NCLFNC05C14D612U', 'ANCIELLO', 'FRANCESCO', 'DORE', 'KATIA', 'katiadore074@gmail.com', '3385857373'),
('NDJMRK06S13G999C', 'NDOJA', 'MARK', 'NDOJA', 'RENATO', 'pellazgu@hotmail.it', '3200832571'),
('NDYCKH06C20D612T', 'NDIAYE', 'CHEIKH AMADOU BAMBA', 'NDAO', 'PENDA', 'PENDANDAO19822019@GMAIL.COM', '3896536507'),
('NMABLL06R13Z330E', 'NAOUM', 'ABDELLAH ', 'HMOUDOU', 'MIRIEM ', 'zainabnauom@gmail.com', '3896469705'),
('NNCCMTT06L15D612', 'INNOCENTI', 'MATTEO', 'INNOCENTI', 'GABRIO', 'gabrio.innocenti@gmail.com', '3333247343'),
('NNCDGI06D17D612Q', 'INNOCENTI', 'DIEGO', 'BATI', 'VALENTINA', 'valebati80@gmail.com', '3289573364'),
('NNCLNZ06M08A564K', 'NINCI ', 'LORENZO ', 'NINCI ', 'LEONARDO ', 'nincileonardo@gmail.com', '3383595275'),
('NNCMNL06D28B036G', 'INNOCENTI', 'MANUEL', 'INNOCENTI', 'MARCO', 'marcomela.innocenti@gmail.com', '3311376485'),
('NNCNCL06B27D612N', 'INNOCENTI', 'NICCOLò', 'INNOCENTI', 'AURELIO', 'innocentiaurelio@gmail.com', '3393718326'),
('NNCVLI06A46B036O', 'NENCINI', 'VIOLA', 'NENCINI', 'FABRIZIO', 'fabrizio.nencini1966@alice.it', '3470730042'),
('NNNRRT06T20A564T', 'NINNI', 'ROBERTO', 'SALVADORI', 'MONICA', 'monsal@outlook.it', '3332524450'),
('NRBDVD05C06D612Z', 'NERBI', 'DAVID', 'NERBI', 'GUGLIELMO', 'guglielm.nerbi@gmail.com', '3292211270'),
('NRELNZ06E12D612S', 'NERI', 'LORENZO ', 'NERI', 'MARCO', 'neri1965@email.it', '3384077672'),
('NSTRRT06H20D612R', 'NESTI', 'ROBERTO', 'BROCCUCCI', 'MANUELA', 'manuelabroccucci@libero.it', '3385614599'),
('PCCFRZ06H08A564P', 'PACCI', 'FABRIZIO', 'PACCI', 'RAIMONDO', 'raimondopacci@gmail.com', '3355477445'),
('PCCMSM06H22D612X', 'PICCHIANTI', 'MASSIMO', 'PICCHIANTI', 'RICCARDO', 'riccardo.picchianti@hotmail.it', '+393482598137'),
('PCCTMS07A05D612H', 'PICCIRILLI', 'THOMAS', 'PICCIRILLI', 'CARLO', 'ilfortinopelletteria@hotmail.it', '3895544274'),
('PCNVNI06P16D612X', 'PICONE ', 'IVAN', 'TORRINI', 'SERENA', 'studioamministrazioni.torrini@gmail.com', '3282307697'),
('PDRNCL06R09A564D', 'PADURARU', 'NICOLA', 'PADURARU', 'IULIANA', 'iulianapaduraru.na.75@gmail.com', '3284671910'),
('PLALRD06M31D612L', 'PAOLI ', 'LEONARDO', 'POCCETTI', 'BARBARA ', 'barbarapoccetti@tiscali.it', '3713420558'),
('PLAMTT06H05D612R', 'PAOLI', 'MATTIA', 'FARINA', 'PATRIZIA', 'patri0468@gmail.com', '3381220779'),
('PLLDNY06D12D612F', 'PELLEGRINO ', 'DANNY', 'PELLEGRINO ', 'ANGELO', 'angelo.pellegrino9@gmail.com', '3923365153'),
('PLLRCR07C14D612A', 'PALLI', 'RICCARDO', 'RINGRESSI', 'TAMARA', 'tamy20778@gmail.com', '3383696319'),
('PLTCSR06B17D612E', 'PAOLETTI', 'CESARE', 'PAOLETTI', 'SIMONE', 'paoletti_simone@virgilio.it', '3474153783'),
('PNNDTT06A55B036O', 'PENNI', 'DILETTA', 'NENCINI', 'NADA', 'nadanencini@gmail.com', '3333074194'),
('PNRSMN06R12D612O', 'PANERAI', 'SIMONE', 'GUASTI', 'ELENA', 'elegabry@hotmail.it', '3406711821'),
('PPLDGI06T23B036U', 'IOPPOLO', 'DIEGO', 'IOPPOLO', 'LUIGI', 'salviwissia@gmail.com', '3406039079'),
('PPTSFO06T61D612Y', 'PIPITONE ', 'SOFIA ', 'GRECO', 'ROSARIA', 'rosariagreco74@gmail.com', '3332423423'),
('PRCGRL06M28D612Q', 'PRICOP', 'GABRIEL', 'PRICOP', 'OVIDIU MIHAI', 'ovidiupricop02@gmail.com', '3317600568'),
('PRGCSM06M08A564D', 'PARIGI', 'COSIMO', 'PANCANI', 'SILVIA', 'aparigi23@yahoo.com', '3392606238'),
('PRGTMS06R19B036R', 'PARIGI', 'TOMMASO', 'PARIGI', 'MASSIMILIANO', 'parigi.massimiliano@gmail.com', '3315793431'),
('PRIDLY06T30A564T', 'PIRO', 'DANIELE YUKI', 'TAKAHASHI', 'MIEKO', 'mico_dannyuki@yahoo.co.jp', '3337257960'),
('PRNDGI06R20D612E', 'PARENTI', 'DIEGO', 'CORTINI', 'VALENTINA', 'v.cortini@gmail.com', '3382765950'),
('PRNLRI06B56D612O', 'PRUNECCHI', 'ILARIA', 'PRUNECCHI', 'PATRIZIO', 'patrizio.prunecchi@ge.com', '3493003116'),
('PRRHTR06L24D612I', 'PEREIRA BARROS', 'HECTOR DOUGLAS', 'PEREIRA BARROS', 'FRANCISCA SELMA', 'principessaioana01@gmail.com', '389 005 6868'),
('PRSLSN06P17A564U', 'PARASCA', 'ALESSANDRO', 'PARASCA', 'AURELIA', 'aureliaparasca@yahho.it', '3895573033'),
('PRTFNC06C06D612J', 'PRATESI', 'FRANCESCO', 'PRATESI', 'FABIO', 'fabiopratesi1926@gmail.com', '3382071580'),
('PRZBND06P23D612G', 'PIROZZI', 'BRANDO', 'MANNI', 'AZZURRA', 'azzurra.manni@gmail.com', '3317506725'),
('PSQLPA07A08B036L', 'PASQUINI', 'LAPO', 'RII', 'FRANCESCA', 'frio7446@gmail.com', '3477955837'),
('PSTLRD05C02A564X', 'PASTORINI', ' LEONARDO', ' TOMBERLI', 'RACHELE', 'rachele.tomberli@gmail.com', '3476936496'),
('PSTMLN06T71C351C', 'PASTORE', 'MERALIN KEIDY ', 'CARBONE', 'ROSITA', 'rositacarbo71@gmail.com', '3470632101'),
('PSTSAI05T50D612I', 'PISTOLESI', 'ASIA', 'PISTOLESI', 'PAOLO', 'paolopistolesi67@gmail.com', '3490541524'),
('PTRDRA07D17D403P', 'PETRARCA ', 'DARIO ', 'GUZZO ', 'SIMONA ', 'violaedario@hotmail.it', '3925889134'),
('PTRLRD05R23D612V', 'PETROVIC', 'LEONARDO', 'PETROVIC', 'DANKA', 'dankaleonardo@gmail.com', '389 963 449'),
('PVNLSS06T29D612X', 'PIOVANELLI', 'ALESSIO', 'BRUNI', 'ILARIA', 'ilariabru.ib@gmail.com', '3475376026'),
('PZZLCU06M06F656L', 'PEZZANO', 'LUCA', 'PEZZANO', 'BRUNO', 'info@brunopezzano.com', '3925864616'),
('QSPGRL06D12D612S', 'GABRIELE ', 'QUISPE ', 'QUISPE', 'EDILBERTO ', 'ciciolocalidad@hotmail.it', '338 83 00957 '),
('RBTDGI05A15A564U', 'RABATTI', 'DIEGO', 'MARCATI', 'GRETA', 'greta.marcati70@gmail.com', '3924229726'),
('RCNLNZ06M19Z140H', 'RACANELLI', 'LORENZO', 'COVALI', 'MARIANA', 'mariana.74covali@gmail.com', '3357699125'),
('RCRTMS06L24B036L', 'ARCURI', 'TOMMASO', 'GIANNINI ', 'ILARIA', 'ilagaiatom@gmail.com', '392/5071118'),
('RDADDM05L28Z129J', 'RADU', 'EDUARD MARIO', 'IVANCIU', 'VASILICA', 'vasilicaivanciu32@gmail.com', '3894708633'),
('RDCLCU06B02D612K', 'RADICCHI ', 'LUCA ', 'BARONCINI ', 'CLAUDIA ', 'clau.2006.cb@gmail.com', '3471812605 '),
('RGAMMD05H21D612T', 'ARGUI', 'MOHAMED ROCHDI', 'MEJRI', 'SONIA', 'soniamejri28@gmail.com', '3293679914'),
('RGHMLD06R54D612Z', 'RIGHINI', 'MATILDE', 'RIGHINI', 'ANDREA', 'matigre6@gmail.com', '3355768511'),
('RGRRRT06B26G999R', 'ARGARDI', 'ROBERTO', 'RINALDO', 'GIUSEPPINA', 'stefano.argardi@gmail.com', '3772597857'),
('RIOVNI06D16D612A', 'IORIO', 'IVAN', 'TORCETTA', 'ANNA', 'bartycorsini@hotmail.it', '3290156399'),
('RKEVLN06M26D612B', 'REKA', 'VALON', 'REKA', 'BUJAR', 'studio-bujar@hotmail.it', '3335717414'),
('RLNLRD06M16A564A', 'ORLANDINI ', 'LEONARDO ', 'ZACCHERINI ', 'MICHELA ', 'michelazaccherini@libero.it', '3470621351'),
('RNCLPA06B28D612O', 'RONCONI', 'LAPO', 'RONCONI', 'DAMIANO', 'damiano.ronconi@gmail.com', '3371139566'),
('RNLLSM89T27F454T', 'RANALLI', 'LORIS', 'PUGLIESE', 'LORIS', 'lorisranalli@isisdavinci.eu', '32424233'),
('RNRDNL06S28D612X', 'RANIERI ', 'DANIELE', 'CINQUINI', 'GIOVANNA', 'giovannacinquini.gc@gmail.com', '3392184863'),
('RNRLSN07A10A564A', 'RANIERI', 'ALESSANDRO GIUSEPPE', 'SECCHIONI', 'SERENA', 'serena. secchioni@yahoo.it', '3333392979'),
('RRDHBI06D64Z330I', 'ER RADY', 'HIBA', 'ER RADY', 'RACHID', 'latifa.moutchou@gmail.com', '3208329798'),
('RRGHFPP06A12D612', 'RIGHESCHI', 'FILIPPO', 'ZANI', 'CLAUDIA', 'c.zani73@gmail.com', '3286991468'),
('RRPLSS06B09G999Y', 'RRAPI', 'ALESSIO', 'RRAPI', 'REONADRI', 'rrapinardi@gmail.com', '3480387205'),
('RRQMMM05M11G713Z', 'ERRAQI', 'MOHAMMED', 'ERRAQI', 'ABDELHADI', 'annacorsiadoni@gmail.com', '33'),
('RRTCLD06H24D612D', 'RRATHTORI', 'CLAUDIO', 'RRTMSH73S05Z100L', 'MARASH', 'angela_2001@hotmail.it', '3407012161'),
('RSHBBRO5P20D612T', 'RASHID', 'IBNE ABIR', 'RASHID', 'ABDUR', 'rashidabdur645@gmail.com', '3806863714'),
('RSSSML06P29G713T', 'ROSSINI', 'SAMUELE', 'MANCINI', 'BARBATA', 'mancinibabs@gmail.com', '3473216782'),
('RSSVGL06D44F656W', 'ROSSI', 'VIOLA GIULIA', 'ROSSI', 'LEONARDO', 'leonardo.rossi.fi@gmail.com', '3356537263'),
('RSSVRFO6C04D612N', 'ROSSI', 'VALERIO FLOYD ', 'DEGL''INNOCENTI', 'ELISA ', 'valeriodario0609@gmail', '3336662646'),
('RVOLNZ06C07D612T', 'ROVAI', 'LORENZO GIOVANNI', 'CUTIETTA', 'AMANDA', 'donnadelfina@yahoo.it', '3485478015'),
('SBRDRD05H24D612P', 'SBRACI', 'EDOARDO', 'SBRACI', 'IACOPO', 'IACOPO.SBRACI@USLCENTRO.TOSCANA.IT', '3358057340'),
('SBTSFN06B02Z104N', 'SABATINO', 'STEFANO', 'SABATINO', 'MAURO', 'saxy69@alice.it', '3284892229'),
('SCPFNC06A16A564S', 'SCOPELLITI', 'FRANCESCO', 'GHERI', 'SIMONA', 'sgheri7@gmail.com', '3475605390'),
('SCRLSN06D14D423Z', 'SCIORTINO', 'ALESSANDRO', 'SCIORTINO ', 'MASSIMO', 'sciortino74@gmail.com', '3388416353'),
('SCRRCC06L15B036N', 'SCORRETTI', 'ROCCO ', 'COLLINI ', 'SONIA', 'soniacollini@live.it', '3389253471'),
('SCTLEI06L12D612T', 'SCOTTI ', 'ELIA ', 'SCOTTI ', 'ANTONIO ', 'scottiantonio1710@gmail.com', '3334778520'),
('SCTMNL05B24D612I', 'SCIUTO', 'EMANUELE', 'MACCARONE', 'ROSA MARIA', 'rosy.stella69@gmail.com', '3477534999'),
('SHTTST05C06Z315Z', 'ESHETE', 'TOMAS TESFAYE', 'WALLANIUS', 'HEBER', 'heberwe@gmail.com', '3280374478'),
('SLLMNL06M19D612L', 'SOLLAZZINI ', 'MANUEL ', 'SOLLAZZINI ', 'LEONARDO ', 'sollazzinileonardo@libero.it', '3492425837'),
('SLVLCA06C56D612B', 'SALVADORI', 'ALICE', 'BICCHI', 'SILVIA', 'silviastir.sb@gmail.com', '3386038792'),
('SMGFLV05E22A564P', 'SOMIGLI ', 'FLAVIO ', 'BARTOLINI ', 'DANIELA ', 'danielabartolini29121981@gmail.com', '3804362708'),
('SNTSFN06B15D612Y', 'SANTINI', 'STEFANO', 'VALENTINI', 'MONICA', 'mony.valentini74@gmail.com', '3476366213'),
('SNUXGC06S11D612V', 'SUN', 'XIN GIACOMO', 'SUN', 'WEIGUANG', '3778268484@gmail.com', '3337397643'),
('SPGNDR06C18A564J', 'SPAGNI', 'ANDREA', 'SPAGNI', 'SIMONE', 'simone.spagni@alice.it', '3481330952'),
('SPNFNC06L01D612F', 'SPINELLI', 'FRANCESCO', 'SALERNO', 'AMALIA', 'spinelli.dario2010@libero.it', '3296965253'),
('SPNSMN06C04A564P', 'SPINELLO', 'SIMONE', 'SABATONI', 'DONATELLA', 'dona.sabatini@gmail.com', '3478427433'),
('SPPCHR06M66A783O', 'SUPPRESSA', 'CHIARA ', 'CORONEO', 'MARIA ROSARIA ', 'rosycoro79@gmail.com', '3396476992'),
('SRCCSM06C07D612J', 'SIRICA', 'COSIMO', 'VASTOLA', 'ELENA', 'elevast0716@gmail.com', '3396121249'),
('SRCLCU06P28D612V', 'SARACINI', 'LUCA', 'COLLI', 'MARIA ELENA', 'mariaelena06@hotmail.it', '3240903693'),
('SREDRD06P13A564U', 'SERIO', 'EDUARD', 'LLESHI', 'ROZINA', 'rozinaserio@yahoo.it', '3202632818'),
('SRFGLI06B11D612O', 'SERAFINELLI', 'GIULIO', 'AIAZZI', 'SILVIA', 'silviaaiazzi@libero.it', '3478449127'),
('SRRFNC06A54D612G', 'SERRA', 'FRANCESCA PIA', 'TAGLIAFERRI', 'ANNA MARIA', 'annatagliaferri1966@gmail.com', '3334270942'),
('SRTLNZO6A21A564H', 'SARTI', 'LORENZO', 'BOMBERINI', 'LUCILLA', 'lucilla.bomberini@outlook.it', '3299290504'),
('SSGRNM04M10D612N', 'ASSIGNON', 'RUBEN MAWULI', 'DANSOU', 'SOEAWOUDE JEANNE EDWIGE', 'EDWIGE@HOMAIL.IT', '3895878791'),
('SSSLSS05S29D612S', 'ASSISINI', 'ALESSIO', 'BONINI', 'PATRIZIA', 'pbonini197046@gmail.com', '3739002534'),
('STMCRSO5S28Z611B', 'SOTOMAYOR SANCHEZ', 'CHRISTIAN EDU', 'SOTOMAYOR VASQUEZ ', 'EDWARD CHRISTIAN', 'r.piccola@hotmail.it', '3287361655'),
('STRCST06T27B036C', 'STROIA', 'CRISTIAN ANDREI', 'STROIA', 'ALINA', 'alinastroia83@yahoo.it', '3663314300'),
('STRPVT06D30Z112C', 'STRANGIS', 'PINO', 'RASO', 'MARIA', 'maria7373_3@libero.it', '3317131943'),
('STTNRC05P08Z129O', 'STATE', 'ANDREI CRISTIAN MARIO ', 'POPESCU ', 'ALINA ANDREEA ', 'aliande14@yahoo.com', '3774777479'),
('SVADNY06E17D612J', 'SAVI', 'DENNY', 'MANDALA''', 'DANIELA', 'dany.mandala1@gmail.com', '3335649537'),
('SVRNDR06R11D612O', 'SIVIERO ', 'ANDREA', 'SIVIERO ', 'SAMUELE ', 'katygabry80@gmail.com', '393383643108'),
('TBNLSS06M28D612Q', 'TABANI', 'ALESSIO', 'TURCHETTI ', 'TIZIANA ', 'turchettitiziana@gmail.com', '3383757020'),
('TCCDVD05A10B036O', 'TICCI', 'DAVIDE', 'TICCI', 'SIMONE', 'simone.ticci@gmail.com', '3356201908'),
('TFANDR05P27Z100H', 'TAFA', 'ENDRI', 'TAFA', 'FLAMUR', 'endritafa169@gmail.com', '3466420617'),
('TMPGVR06T53G999W', 'TEMPESTI', 'GINEVRA', 'MONTINI', 'SERENA', 'montini842@gmail.com', '3345947495'),
('TNGDVD06A10D612O', 'TENAGLIA', 'DAVIDE', 'TENAGLIA', 'MASSIMO', 'maxtenax@gmail.com', '3319682324'),
('TNRGVR06S56B036X', 'TONERINI ', 'GINEVRA ', 'GIUSTI', 'VALENTINA ', 'V.77@libero.it', '3392099534'),
('TRLGCM06R19D612P', 'TARLI', 'GIACOMO', 'LASTRUCCI', 'CRISTINA', 'cristinalastrucci@virgilio.it', '3385876871'),
('TRLTMS06A01D612S', 'TARLINI', 'TOMMASO', 'TARLINI', 'FRANCO', 'franco.tarlini@elletitelecomunicazioni.com', '3351228895'),
('TSMMFR05R01Z249F', 'TASIM', 'OMAR FARUK', 'KALAM', 'MOHAMMED ABUL', 'rabbomohammed@gmail.com', '3245548306'),
('VACDNS06P15D612S', 'VESCOVO MECCOLI', 'DENNIS', 'MECCOLI', 'MONICA', 'mony1984@live.it', '3343210648'),
('VCCSCN06M25B036J', 'VECCHIO', 'ASCANIO', 'DONNARUMMA', 'GELSOMINA', 'ginadonnarumma75@gmail.com', '3332843725'),
('VLLLRD06H30B019V', 'VALLE', 'LEONARDO', 'TRAVAINI ', 'BARBARA ', 'barbara.travaini@libero.it', '329/3521965'),
('VLTNDR06E19A564I', 'VOLTA', 'ANDREA', 'FRESCHI ', 'CLARA', 'clarafreschi2@gmail.com', '3473319098'),
('VNTVTR06S58D623A', 'VENTRELLA', 'VITTORIA ', 'MENGONI ', 'MANILA', 'manila.mengoni@gmail.com', '3331994633'),
('VRMLLS06L51Z129M', 'AVRAM', 'ELENA ALESSANDRA', 'AVRAM', 'ELENA SIMONA', 'enrico.carpitelli@libero.it', '3395282784'),
('VSHSRL05A46Z100E', 'VISHAJ', 'ESMERALDA', 'VISHAJ', 'EDMOND', 'EDMONDVISHAJ14@GMAIL.COM', '3891091782'),
('WNEXNY05E49Z210B', 'WEN', 'XIANYA', 'WEN', 'HENGXIN', 'segreteriadidattica@isisdavinci.eu', '3661616912'),
('WNGMSM07B02D612T', 'WANG', 'MASSIMO', 'LI', 'CUIZHU', 'wangisabella00@gmail.com', '3333635556'),
('WRNNLM04A64A564H', 'WARNAKULASURIYA', 'NATALI AMANDA ', 'HOOLLUPATHIRAGE ', 'RASIKA CALDERA ', 'warnakulasuryia24@gmail.com', '3249226417'),
('WUXHHN06M28D403N', 'WU', 'HAO CHENG PIERO', 'WU', 'KUISHU', 'LUCIOHU979@GMAIL.COM', '3286023268'),
('XHBLRD06M18B036P', 'XHEBRAJ', 'LEONARDO', 'XHEBRAJ', 'SUZANA', 'xhebrajs@gmail.com', '3293618399'),
('YEXFNC06E25L219T', 'YE', 'FRANCESCO XIN BIN', 'HONG', 'QIAO PING', 'HONGALESSIA83@GMAIL.COM', '3389708051'),
('YNGMTT06T30D612Q', 'YANG', 'MATTEO', 'TAO', 'YUEMAN', 'francescamanu@alice.it', '3333553657'),
('ZFEDNS06A51D612L', 'ZEFI', 'DENISA', 'VELAJ', 'ROZA', 'rozavelaj@icloud.com', '3283815920'),
('ZGHLNZ06B23G713T', 'ZOGHERI', 'LORENZO', 'ZOGHERI', 'FRANCESCO', 'francescozogheri@gmail.com', '3403328214'),
('ZHASFN05H19D612O', 'ZHAO', 'STEFANO ', 'ZHAO ', 'JUN SHUAI ', 'elyingying@icloud.com', '3387973852'),
('ZHAYNG05R15Z210L', 'ZHAO', 'YIMING', 'ZHAO', 'SANGSANG ', 'hehe6345@gmail.com', '3778382763'),
('ZHNHAO05R10E783U', 'ZHANG', 'HAO', 'ZHANG', 'QINGXIANG', 'xhyzhang.xz@gmail.com', '3778244378'),
('ZHNNLT06M44C770V', 'ZHANG', 'NICOLETTA', 'ZHANG', 'XIANZHONG', '1428348095@qq.com', '3420308914'),
('ZHNWBN05B20Z210W', 'ZHANG', 'WENBIN', 'ZHANG', 'RUSONG', 'wenbinzhang75@gmail.com', '3392096977'),
('ZMPMTT05H24D612L', 'ZAMPARDI', 'MATTIA', 'ALTERINI', 'DENISE', 'denialterini@gmail.com', '3468656488'),
('ZNAGLI07B17D612B', 'ZANI', 'GIULIO', 'ALESSIA', 'ASTUTI', 'astutiale@hotmail.it', '3939350513');

-- --------------------------------------------------------

--
-- Struttura della tabella `utente`
--

CREATE TABLE IF NOT EXISTS `utente` (
  `username` varchar(30) NOT NULL,
  `password` varchar(255) NOT NULL,
  `cognome` varchar(30) NOT NULL,
  `nome` varchar(30) NOT NULL,
  `email` varchar(50) NOT NULL,
  `ruolo` varchar(30) DEFAULT NULL,
  PRIMARY KEY (`username`)
) ENGINE=InnoDB DEFAULT CHARSET=latin1;

--
-- Dump dei dati per la tabella `utente`
--

INSERT INTO `utente` (`username`, `password`, `cognome`, `nome`, `email`, `ruolo`) VALUES
('didattica', '$2y$10$c.EqtKhn5CWB6bFZeABwg.3k.YbRzfKfOTva3FO2amxKQ4xR57DdG', 'Segreteria', 'Didattica', 'segreteriadidattica@isisdavinci.eu', 'segreteria'),
('lorisranalli', '$2y$10$Old7iZOgZjEJLMQqJJUExOD2v0IaslJYlFOCRe/VI03Zx9uFzQAGi', 'Ranalli', 'Loris', 'lorisranalli@isisdavinci.eu', 'admin'),
('segreteriaorganizzativa', '$2y$10$bCF1GD6/B7QZHaa/bmOjEucnqVVAZH.2euEIOTe0QAPf8eKBIHrQW', 'Gabriella', 'Guerra', 'segreteriaorganizzativa@isisdavinci.eu', 'seg_odo');

--
-- Limiti per le tabelle scaricate
--

--
-- Limiti per la tabella `appuntamento`
--
ALTER TABLE `appuntamento`
  ADD CONSTRAINT `cf_stud` FOREIGN KEY (`cf_stud`) REFERENCES `studente` (`cf_stud`) ON DELETE CASCADE ON UPDATE CASCADE,
  ADD CONSTRAINT `id_fascia` FOREIGN KEY (`id_fascia`) REFERENCES `fasciaoraria` (`id`) ON DELETE CASCADE ON UPDATE CASCADE;

/*!40101 SET CHARACTER_SET_CLIENT=@OLD_CHARACTER_SET_CLIENT */;
/*!40101 SET CHARACTER_SET_RESULTS=@OLD_CHARACTER_SET_RESULTS */;
/*!40101 SET COLLATION_CONNECTION=@OLD_COLLATION_CONNECTION */;
